year,rcpt,std
2003,AFG,11808.0
2003,AGO,6917210.899999998
2003,ALB,730441.0
2003,ARG,3267764.08
2003,ARM,1562971.7000000002
2003,AZE,24000.0
2003,BDI,4791330.923
2003,BEN,7034906.0
2003,BFA,8351450.034000003
2003,BGD,1244356.9000000001
2003,BIH,66497.6999999999
2003,BLZ,75000.0
2003,BOL,1012679.2600000001
2003,BRA,12557137.799999999
2003,BRB,1172110.0
2003,BTN,0.0
2003,BWA,12184446.100000001
2003,CAF,2264665.2
2003,CHL,3563430.0000000005
2003,CHN,15108582.58
2003,CIV,11631979.309999997
2003,CMR,4985933.8
2003,COD,15619704.905000001
2003,COG,1260332.33
2003,COL,0.0
2003,COM,47039.0
2003,CPV,1062295.7
2003,CRI,150000.0
2003,CUB,5026033.44
2003,DJI,615602.0
2003,DOM,4547922.100000001
2003,DZA,3298.0
2003,ECU,291744.89999999997
2003,EGY,1220006.4
2003,ERI,3996776.5
2003,ETH,44322826.93999999
2003,FJI,142453.63999999998
2003,FSM,0.0
2003,GAB,199432.69999999998
2003,GEO,935757.6
2003,GHA,11765301.799999999
2003,GIN,8290672.110000001
2003,GMB,1719411.6999999997
2003,GNB,558294.4
2003,GNQ,52503.2
2003,GRD,65095.489999999896
2003,GTM,2607702.0
2003,GUY,3559785.0
2003,HND,5727683.0
2003,HRV,1113000.0
2003,HTI,23026231.599999998
2003,IDN,13389140.850000001
2003,IND,34653191.050000004
2003,IRN,110000.0
2003,IRQ,54480.0
2003,JAM,2265897.9999999995
2003,JOR,509297.45
2003,KAZ,1604317.4
2003,KEN,66720041.660000004
2003,KGZ,159000.0
2003,KHM,27180649.599999998
2003,KNA,60112.5
2003,LAO,1409237.3
2003,LBN,32176.000000000004
2003,LBR,411629.33
2003,LCA,0.0
2003,LKA,457703.6
2003,LSO,2091233.9000000001
2003,MAR,2433017.9
2003,MDA,1485915.0
2003,MDG,4296361.999999999
2003,MDV,0.0
2003,MEX,1534953.4
2003,MKD,48000.0
2003,MLI,4189571.41
2003,MMR,7847345.1
2003,MNG,784480.0
2003,MOZ,20585114.28
2003,MRT,107720.0
2003,MUS,0.0
2003,MWI,17912736.700000003
2003,MYS,121807.65000000001
2003,NAM,11261467.9
2003,NER,1662746.6500000001
2003,NGA,43666486.500000015
2003,NIC,3492481.9
2003,NPL,13746077.800000003
2003,OMN,0.0
2003,PAK,2069772.94
2003,PAN,175252.56
2003,PER,1170989.3
2003,PHL,10938816.43
2003,PNG,5951818.850000001
2003,PRK,0.0
2003,PRY,45250.0
2003,PSE,0.0
2003,RWA,17885281.599999998
2003,SDN,782849.1000000002
2003,SEN,8717802.1
2003,SLB,0.0
2003,SLE,999203.0
2003,SLV,572400.48
2003,SOM,737118.3
2003,SRB,1504509.0
2003,STP,0.049999999999999996
2003,SUR,58817.6
2003,SWZ,7473407.3
2003,SYC,654.35
2003,SYR,220367.75
2003,TCD,3700222.8000000003
2003,TGO,4274961.0
2003,THA,14427754.6
2003,TJK,1224124.8000000003
2003,TKM,273000.0
2003,TLS,56034.0
2003,TON,0.0
2003,TTO,589451.6
2003,TUN,93558.85
2003,TUR,30525.0
2003,TZA,44693022.85
2003,UGA,34220878.80000001
2003,URY,0.0
2003,UZB,4918316.087
2003,VEN,83255.6
2003,VNM,7995950.100000001
2003,VUT,0.0
2003,WSM,0.0
2003,YEM,215188.0
2003,ZAF,50368406.55999997
2003,ZMB,36463107.21999999
2003,ZWE,21491897.536000006
2004,AFG,0.0
2004,AGO,12347002.700000001
2004,ALB,767133.0000000002
2004,ARG,5357977.65
2004,ARM,1315389.7000000002
2004,AZE,17845.300000000003
2004,BDI,9523591.0
2004,BEN,13570611.78
2004,BFA,12729803.36
2004,BGD,11739714.700000001
2004,BIH,73000.0
2004,BLZ,417580.0
2004,BOL,3454640.4000000004
2004,BRA,13214606.6
2004,BRB,626127.0
2004,BTN,151573.0
2004,BWA,30299138.72000001
2004,CAF,6011862.96
2004,CHL,7955979.999999999
2004,CHN,26143825.338
2004,CIV,18116406.22
2004,CMR,13924443.880000005
2004,COD,13906750.700000003
2004,COG,3953746.5
2004,COL,650300.8500000001
2004,COM,468952.0
2004,CPV,3179086.9000000004
2004,CRI,1461600.0
2004,CUB,6594088.1
2004,DJI,608710.9
2004,DOM,10228867.84
2004,DZA,1611250.0
2004,ECU,215146.61
2004,EGY,1902306.1
2004,ERI,11109182.43
2004,ETH,53808794.300000004
2004,FJI,176313.0
2004,GAB,1154054.0
2004,GEO,427000.0000000001
2004,GHA,31415659.900000002
2004,GIN,8600811.499999998
2004,GMB,5078975.0
2004,GNB,469379.0
2004,GNQ,103009.4
2004,GRD,27557.3
2004,GTM,1821703.0
2004,GUY,7279000.000000001
2004,HND,11748462.41
2004,HRV,475709.9999999999
2004,HTI,32269647.799999993
2004,IDN,17369592.610000003
2004,IND,53735444.79000001
2004,IRN,1731.19
2004,IRQ,0.0
2004,JAM,4029672.5
2004,JOR,1165020.0000000002
2004,KAZ,3423976.0
2004,KEN,104543552.88900009
2004,KGZ,2593728.71
2004,KHM,34049256.89999998
2004,KNA,5216.26
2004,LAO,1715472.9999999998
2004,LBN,0.0
2004,LBR,1832192.8
2004,LCA,0.0
2004,LKA,104333.0
2004,LSO,4626275.8
2004,MAR,2175303.0
2004,MDA,2523922.9
2004,MDG,13616748.0
2004,MDV,0.0
2004,MEX,2063000.0000000002
2004,MKD,1294052.1
2004,MLI,9050368.799999997
2004,MMR,11255929.200000001
2004,MNG,693432.6
2004,MOZ,67851101.29000002
2004,MRT,943469.1
2004,MUS,24790.199999999997
2004,MWI,54484596.87000001
2004,MYS,70050.9
2004,NAM,24090272.899999995
2004,NER,6206689.2
2004,NGA,72025271.4
2004,NIC,11166875.9
2004,NPL,16606966.25
2004,PAK,8127035.5
2004,PAN,0.0
2004,PER,5850392.100000001
2004,PHL,18722867.800000004
2004,PNG,10632735.690000001
2004,PRK,0.0
2004,PRY,154037.5
2004,PSE,0.0
2004,RWA,41121682.25499999
2004,SDN,2342592.51
2004,SEN,14202359.799999999
2004,SLB,0.0
2004,SLE,1287278.0
2004,SLV,5471584.9
2004,SOM,474734.4
2004,SRB,1142932.2
2004,STP,20922.199999999997
2004,SWZ,4264418.800000001
2004,SYC,0.0
2004,SYR,0.0
2004,TCD,5697176.1
2004,TGO,5335007.500000002
2004,THA,28261542.970000003
2004,TJK,3104018.0000000005
2004,TKM,49229.549999999996
2004,TLS,180394.0
2004,TTO,705225.2
2004,TUN,0.0
2004,TUR,0.0
2004,TZA,79389102.91999999
2004,UGA,115651267.25999999
2004,URY,0.0
2004,UZB,887144.52
2004,VCT,0.0
2004,VEN,49360.9
2004,VNM,12190682.419999996
2004,VUT,0.0
2004,YEM,433094.0
2004,ZAF,83669662.46999998
2004,ZMB,85950351.22899997
2004,ZWE,22928704.849999994
2005,AFG,36633.1
2005,AGO,25003414.01
2005,ALB,896625.2999999999
2005,ARG,3657544.7000000007
2005,ARM,3120152.55
2005,AZE,1165419.1000000006
2005,BDI,12126293.340000002
2005,BEN,13560225.3
2005,BFA,15914967.431000002
2005,BGD,18394709.580000002
2005,BIH,307857.0
2005,BLR,3460438.8400000003
2005,BLZ,226690.0
2005,BOL,714006.0
2005,BRA,42911636.55
2005,BRB,545750.0000000001
2005,BTN,331078.0
2005,BWA,17838212.05
2005,CAF,5961162.959999999
2005,CHL,9306428.8
2005,CHN,43092506.089999996
2005,CIV,25165435.4
2005,CMR,10789538.547000004
2005,COD,33211352.840000004
2005,COG,4921142.6
2005,COK,178245.38
2005,COL,2629569.2000000007
2005,COM,89482.0
2005,CPV,1466751.2
2005,CRI,519088.89999999997
2005,CUB,4045276.4000000004
2005,DJI,4315828.95
2005,DOM,13462029.808999995
2005,DZA,1086925.0
2005,ECU,2568840.34
2005,EGY,604083.0
2005,ERI,13025030.0
2005,ETH,116092207.28
2005,FJI,379527.2699999999
2005,FSM,4570.38
2005,GAB,708747.0
2005,GEO,3799560.0
2005,GHA,32098751.4
2005,GIN,10191581.900000004
2005,GMB,7617283.0
2005,GNB,1002238.0
2005,GNQ,2207630.0
2005,GRD,5754.29
2005,GTM,6201762.72
2005,GUY,12295240.999999996
2005,HND,13844209.970000003
2005,HRV,1985270.0
2005,HTI,36417436.60000001
2005,IDN,48685138.1
2005,IND,80113608.50700001
2005,IRN,1782524.4000000001
2005,IRQ,0.0
2005,JAM,5284592.800000001
2005,JOR,790910.0
2005,KAZ,4779747.0
2005,KEN,87961478.17999998
2005,KGZ,5559373.490000001
2005,KHM,41396434.7
2005,KIR,178245.38
2005,KNA,0.0
2005,LAO,4171182.7
2005,LBN,75000.0
2005,LBR,4723268.500000001
2005,LCA,104280.0
2005,LKA,892724.62
2005,LSO,8328763.939999999
2005,MAR,3905613.500000001
2005,MDA,5683110.0
2005,MDG,6235516.329999999
2005,MDV,0.0
2005,MEX,1784000.0
2005,MHL,178245.38
2005,MKD,1037677.2000000001
2005,MLI,14292019.000000002
2005,MMR,21373881.200000003
2005,MNG,692749.9400000001
2005,MOZ,70892207.8357
2005,MRT,905766.37
2005,MUS,28201.5
2005,MWI,61997582.379999995
2005,MYS,155484.5
2005,NAM,29034352.060000002
2005,NER,5331447.319999999
2005,NGA,110975082.99100003
2005,NIC,2936360.110000001
2005,NIU,134826.38
2005,NPL,15594080.870000001
2005,NRU,178245.38
2005,OMN,74970.0
2005,PAK,8082033.500000002
2005,PAN,485872.669
2005,PER,7154028.839999998
2005,PHL,3096888.6
2005,PLW,134826.38
2005,PNG,13825679.38
2005,PRK,0.0
2005,PRY,82130.83
2005,PSE,0.0
2005,RWA,55992873.71999999
2005,SDN,11032848.700000001
2005,SEN,13502203.247000003
2005,SLB,178245.38
2005,SLE,6411076.8
2005,SLV,9572588.870000001
2005,SOM,6000586.0
2005,SRB,1769034.2
2005,STP,138699.9
2005,SUR,1177910.0
2005,SWZ,22689094.000000004
2005,SYC,0.0
2005,SYR,161571.0
2005,TCD,9309073.42
2005,TGO,6595806.0
2005,THA,15486605.519999998
2005,TJK,2813387.3000000003
2005,TKL,173675.0
2005,TKM,206708.4
2005,TLS,157139.28999999998
2005,TON,178245.38
2005,TTO,545578.93
2005,TUN,0.0
2005,TUR,216390.0
2005,TUV,178245.38
2005,TZA,125489729.88999997
2005,UGA,117404623.54
2005,UKR,22844785.66
2005,URY,91896.0
2005,UZB,2303402.7600000002
2005,VCT,90630.17
2005,VEN,389067.32
2005,VNM,27176540.179999996
2005,VUT,178245.38
2005,WSM,253245.38000000003
2005,YEM,2873674.9000000004
2005,ZAF,131870708.54200016
2005,ZMB,126583135.99999996
2005,ZWE,63929740.96999999
2006,AFG,372658.17
2006,AGO,26427462.66000001
2006,ALB,1675297.8599999999
2006,ARG,2384735.14
2006,ARM,2749368.0800000005
2006,ATG,1759.24
2006,AZE,5295379.879999998
2006,BDI,18146150.160000004
2006,BEN,14269495.16
2006,BFA,22238173.383
2006,BGD,8821537.790000003
2006,BIH,2181731.09
2006,BLR,3313901.335
2006,BLZ,476171.10000000003
2006,BOL,5231449.45
2006,BRA,31380885.74
2006,BRB,1630864.06
2006,BTN,295517.35000000003
2006,BWA,25157952.889999997
2006,CAF,10224467.969999999
2006,CHL,2277810.87
2006,CHN,56378290.952068985
2006,CIV,28972982.199999996
2006,CMR,16354773.25
2006,COD,32060308.889999993
2006,COG,8021375.12
2006,COL,5595446.800000001
2006,COM,263033.5
2006,CPV,854370.363
2006,CRI,718963.5800000001
2006,CUB,4201597.229999999
2006,DJI,4117996.4
2006,DMA,149072.52
2006,DOM,14323321.52
2006,DZA,2214391.2399999993
2006,ECU,5592436.06
2006,EGY,1151448.4800000002
2006,ERI,8804201.424999999
2006,ETH,150867229.557
2006,FJI,343456.73
2006,GAB,2208989.25
2006,GEO,2825772.5000000005
2006,GHA,39125800.74
2006,GIN,8655824.01
2006,GMB,3344222.3850000002
2006,GNB,1443255.84
2006,GNQ,1329753.2000000002
2006,GRD,83231.74
2006,GTM,6251274.819999998
2006,GUY,21310407.0
2006,HND,11008259.569999998
2006,HRV,1661220.0
2006,HTI,71565068.31000005
2006,IDN,55079567.11999999
2006,IND,106240959.05
2006,IRN,2444416.5300000003
2006,IRQ,7099.4
2006,JAM,8277578.9799999995
2006,JOR,164955.88999999998
2006,KAZ,8180186.660000004
2006,KEN,158611603.15000007
2006,KGZ,3776762.840000001
2006,KHM,42456088.010000005
2006,KNA,17599.5999999999
2006,LAO,3118272.8700000006
2006,LBN,5721.1599999999
2006,LBR,4230441.91
2006,LBY,476547.06
2006,LCA,516149.3600000001
2006,LKA,646532.75
2006,LSO,10138858.06
2006,MAR,2824821.6700000004
2006,MDA,4543568.930000001
2006,MDG,11672681.399999999
2006,MDV,5337.3399999999
2006,MEX,1742105.6800000002
2006,MKD,2893452.88
2006,MLI,18335460.290000003
2006,MMR,6052170.987000001
2006,MNE,659370.0
2006,MNG,1302831.25
2006,MOZ,101493025.61699995
2006,MRT,2944699.0900000003
2006,MUS,334533.66000000003
2006,MWI,72522512.14800002
2006,MYS,227359.3299999999
2006,NAM,66074746.23000002
2006,NER,5200408.880000001
2006,NGA,176248959.64
2006,NIC,7112724.160000002
2006,NPL,16517737.54
2006,OMN,137488.29
2006,PAK,14250041.510000004
2006,PAN,791311.1299999999
2006,PER,8838741.889999997
2006,PHL,4894851.878
2006,PNG,17840290.253999997
2006,PRK,15350.0
2006,PRY,241675.97
2006,PSE,61319.99
2006,RWA,76807561.75
2006,SAU,3073.5099999999998
2006,SDN,25435910.01
2006,SEN,16154342.439999998
2006,SLB,4567.383000000001
2006,SLE,5303767.959999999
2006,SLV,3900689.69
2006,SOM,7130761.7700000005
2006,SRB,1864096.3800000001
2006,STP,305827.4
2006,SUR,1016876.72
2006,SWZ,13353276.969999999
2006,SYC,15400.0
2006,SYR,142870.0
2006,TCD,7266747.729999997
2006,TGO,7858472.21
2006,THA,37982361.22
2006,TJK,1982243.88
2006,TKM,261251.02999999988
2006,TLS,415057.1199999999
2006,TON,1505.02
2006,TTO,2757277.9400000004
2006,TUN,8855.480000000001
2006,TUR,2764953.23
2006,TZA,150333181.0189999
2006,UGA,152763434.9700001
2006,UKR,37057420.35299999
2006,URY,69559.46
2006,UZB,4962396.470000001
2006,VCT,249972.84
2006,VEN,422898.42
2006,VNM,36297486.91999999
2006,YEM,1312327.26
2006,ZAF,151272408.76000005
2006,ZMB,124998603.88300005
2006,ZWE,64962341.45470001
2007,AFG,476237.74000000005
2007,AGO,21131811.13
2007,ALB,2283325.0
2007,ARG,6143376.95
2007,ARM,2358946.35
2007,ATG,42218.270000000004
2007,AZE,1952825.71
2007,BDI,14030095.910000004
2007,BEN,9748959.439999996
2007,BFA,23765730.75
2007,BGD,12251329.836999997
2007,BIH,2680655.1900000004
2007,BLR,3899284.8260000004
2007,BLZ,570556.6
2007,BOL,4095568.7900000005
2007,BRA,23466545.048000004
2007,BRB,1950080.7
2007,BTN,348394.985
2007,BWA,43136365.36000001
2007,CAF,2374309.62
2007,CHL,4542811.510000001
2007,CHN,90920169.23600003
2007,CIV,46140289.28
2007,CMR,33576046.06
2007,COD,36777784.809999995
2007,COG,6313755.5600000005
2007,COL,1191417.44
2007,COM,326634.1
2007,CPV,977480.126
2007,CRI,973893.3400000001
2007,CUB,11724697.31
2007,DJI,5209890.000000001
2007,DMA,2031.28
2007,DOM,17832122.69000001
2007,DZA,1726637.2499999998
2007,ECU,4933955.03
2007,EGY,1444080.1199999999
2007,ERI,9508473.290000005
2007,ETH,248767100.31
2007,FJI,987387.7
2007,GAB,3241450.0300000003
2007,GEO,7982595.6499999985
2007,GHA,42685518.366
2007,GIN,6054046.279999999
2007,GMB,7479101.77
2007,GNB,2377158.68
2007,GNQ,415170.0
2007,GRD,262467.97
2007,GTM,11014916.17
2007,GUY,20097112.27999999
2007,HND,13785812.28
2007,HRV,179392.0
2007,HTI,81494272.80999999
2007,IDN,32310476.566000007
2007,IND,245427511.05179998
2007,IRN,3051261.8
2007,IRQ,87552.72
2007,JAM,9007957.534999998
2007,JOR,1430844.01
2007,KAZ,4228035.93
2007,KEN,223798147.10999984
2007,KGZ,7474184.759999999
2007,KHM,45934405.565000005
2007,KIR,0.0
2007,KNA,377476.4599999999
2007,LAO,3894867.81
2007,LBN,131749.28999999998
2007,LBR,7707960.060000001
2007,LBY,1482261.0
2007,LCA,229814.67
2007,LKA,1847490.36
2007,LSO,19452829.2002
2007,MAR,5785735.5200000005
2007,MDA,11477965.059999995
2007,MDG,11808530.220000003
2007,MDV,1274438.4200000002
2007,MEX,3263555.1400000006
2007,MKD,2010555.37
2007,MLI,31180211.669999998
2007,MMR,15279847.326999996
2007,MNE,1111685.8
2007,MNG,1967439.406
2007,MOZ,153126283.4419999
2007,MRT,1798919.975
2007,MUS,1288116.66
2007,MWI,154471765.01899993
2007,MYS,313894.29000000004
2007,NAM,83922952.31000002
2007,NER,7517908.645999999
2007,NGA,237326634.4100001
2007,NIC,7195396.865999999
2007,NIU,27615.0
2007,NPL,13743584.96
2007,PAK,17767564.516
2007,PAN,2099142.8660000004
2007,PER,12213933.186
2007,PHL,14734957.586999997
2007,PNG,16894497.51194
2007,PRK,12184.800000000001
2007,PRY,1319651.79
2007,PSE,110712.9199999999
2007,RWA,115831968.828
2007,SDN,14424172.110000001
2007,SEN,17137875.70000001
2007,SLB,261565.0
2007,SLE,6856136.539999999
2007,SLV,3908073.4600000004
2007,SOM,7884227.369999999
2007,SRB,3315609.0100000007
2007,STP,404594.99
2007,SUR,2371972.0999999996
2007,SWZ,20091604.369999997
2007,SYC,38135.0
2007,SYR,151492.13
2007,TCD,4471547.649999999
2007,TGO,11644577.46
2007,THA,46565787.53999999
2007,TJK,7466674.5
2007,TKM,512465.63
2007,TLS,1806813.9400000002
2007,TTO,5155171.4520000005
2007,TUN,5069246.49
2007,TUR,1176195.02
2007,TZA,210542971.51500002
2007,UGA,241882641.2792001
2007,UKR,40970254.95780001
2007,URY,90340.2599999999
2007,UZB,8854143.860000001
2007,VCT,250985.73
2007,VEN,363551.92999999993
2007,VNM,60737423.62000001
2007,WSM,148022.03
2007,YEM,1101791.44
2007,ZAF,284168948.6049996
2007,ZMB,148900086.14999998
2007,ZWE,97465910.71000001
2008,AFG,2109363.4800000004
2008,AGO,29288899.97
2008,ALB,1843285.5
2008,ARG,7528568.048999999
2008,ARM,2566294.4000000004
2008,AZE,2393911.74
2008,BDI,19239065.46000001
2008,BEN,15289143.799999995
2008,BFA,38395855.69
2008,BGD,20176843.040000003
2008,BIH,3556613.4998000003
2008,BLR,3728717.2800000003
2008,BLZ,370000.0
2008,BOL,5971398.7299999995
2008,BRA,20941847.43
2008,BRB,704317.0000000001
2008,BTN,895574.8000000002
2008,BWA,229879289.82000005
2008,CAF,18669613.409999996
2008,CHL,1801929.8299999998
2008,CHN,95159962.667
2008,CIV,102925963.24
2008,CMR,18272253.52
2008,COD,61054786.629999965
2008,COG,9929218.66
2008,COL,1377563.97
2008,COM,255149.75
2008,CPV,1249464.0
2008,CRI,675862.84
2008,CUB,3324415.9799999995
2008,DJI,4104773.8199999994
2008,DOM,22659378.509000007
2008,DZA,2495064.56
2008,ECU,5318202.04
2008,EGY,3639155.090000001
2008,ERI,16030575.840000002
2008,ETH,301567812.73
2008,FJI,483546.08
2008,GAB,2403819.36
2008,GEO,4540687.99
2008,GHA,37041114.6885
2008,GIN,5994368.920000001
2008,GMB,3238757.0700000003
2008,GNB,1968459.4
2008,GNQ,2821238.0
2008,GRD,158463.0
2008,GTM,22316454.23
2008,GUY,28272375.0
2008,HND,16816068.519999996
2008,HRV,83770.0
2008,HTI,95068371.1
2008,IDN,35088581.06999999
2008,IND,165031933.81000015
2008,IRN,5143906.100000001
2008,IRQ,18554.350000000002
2008,JAM,11121778.7
2008,JOR,556982.0
2008,KAZ,13938376.320000004
2008,KEN,323725753.9900001
2008,KGZ,11598989.499999998
2008,KHM,51407504.54230004
2008,KIR,346277.4
2008,KNA,256699.99999999997
2008,LAO,4838792.57
2008,LBN,13403.3
2008,LBR,7432908.929999998
2008,LBY,2210109.9
2008,LCA,483147.9999999999
2008,LKA,876803.0299999999
2008,LSO,32517257.992
2008,MAR,4588189.32
2008,MDA,2067444.397
2008,MDG,6804786.9
2008,MDV,19240.0
2008,MEX,3264281.52
2008,MKD,2702600.0022
2008,MLI,34465730.090000026
2008,MMR,11359265.540000005
2008,MNE,1201545.0000000002
2008,MNG,3524163.5100000002
2008,MOZ,202172121.6759999
2008,MRT,6061088.180000001
2008,MUS,19040.609
2008,MWI,153602219.35000008
2008,MYS,17814.2099999999
2008,NAM,82089539.39
2008,NER,8925199.280000005
2008,NGA,395271961.6499999
2008,NIC,9097089.150000002
2008,NPL,20374334.299999997
2008,PAK,12747529.69
2008,PAN,401852.0299999999
2008,PER,11583356.869000006
2008,PHL,8614869.57
2008,PNG,21036113.166900005
2008,PRK,690.0
2008,PRY,4875825.239999999
2008,PSE,229887.65
2008,RWA,130649781.73700002
2008,SDN,24123723.929999996
2008,SEN,16468266.979999995
2008,SHN,29999.5
2008,SLE,11703672.609000009
2008,SLV,3372699.420000001
2008,SOM,4976488.96
2008,SRB,4281745.869000001
2008,STP,468165.1999999999
2008,SUR,640239.9999999999
2008,SWZ,21960950.36
2008,SYC,19257.56
2008,SYR,456583.0
2008,TCD,6377165.25
2008,TGO,6252381.949999998
2008,THA,40200873.36
2008,TJK,4500707.4799999995
2008,TKM,849826.3000000002
2008,TLS,1055262.3699999999
2008,TON,123671.0
2008,TTO,3751667.0
2008,TUN,1458571.2299999997
2008,TUR,112500.0
2008,TZA,300756562.11099994
2008,UGA,219034613.4
2008,UKR,47796832.16000002
2008,URY,46034.4
2008,UZB,4877289.800000001
2008,VCT,241249.0
2008,VEN,243995.9599999999
2008,VNM,77117315.75099999
2008,VUT,601695.0
2008,WSM,77873.9
2008,YEM,3116793.8200000003
2008,ZAF,429914746.04
2008,ZMB,262626276.307
2008,ZWE,61758449.23
2009,AFG,5890910.7727999985
2009,AGO,12244309.536
2009,AIA,55267.299999999996
2009,ALB,1592341.513
2009,ARG,367304.42600000004
2009,ARM,5235261.027891
2009,ATG,55267.299999999996
2009,AZE,563054.2006299999
2009,BDI,35537825.680599995
2009,BEN,22903595.073200002
2009,BFA,41176697.389000006
2009,BGD,15990577.537330005
2009,BIH,1242654.95
2009,BLR,405512.9
2009,BLZ,649194.1100000001
2009,BOL,7287361.535999998
2009,BRA,5094787.921999999
2009,BRB,2815507.9282
2009,BTN,585859.66
2009,BWA,221524100.463
2009,CAF,4544941.590000001
2009,CHL,345943.5249
2009,CHN,130415312.32409994
2009,CIV,67514035.04
2009,CMR,28445307.13790001
2009,COD,27594284.887000002
2009,COG,6898430.6
2009,COK,61.67380000000001
2009,COL,526996.10183
2009,COM,148329.94999999998
2009,CPV,551285.0900000001
2009,CRI,108853.06999999999
2009,CUB,260518.626
2009,DJI,661759.753
2009,DMA,70166.4999999999
2009,DOM,22655455.314
2009,DZA,1219658.9200000002
2009,ECU,4981925.651100002
2009,EGY,4152294.929
2009,ERI,15762469.824999997
2009,ETH,210982198.5643799
2009,FJI,549037.3640000001
2009,GAB,3907524.7199999993
2009,GEO,6618282.849999999
2009,GHA,58655525.019360006
2009,GIN,6916771.9290000005
2009,GMB,6239097.306699999
2009,GNB,5923823.699999999
2009,GNQ,896102.72
2009,GRD,189512.6082
2009,GTM,7844066.196830002
2009,GUY,25457629.04000001
2009,HND,18989260.3166
2009,HRV,72000.0
2009,HTI,112629609.5094
2009,IDN,52685290.46934001
2009,IND,314419062.64139974
2009,IRN,840727.7999999999
2009,IRQ,101856.17
2009,JAM,11192603.179999996
2009,JOR,2422328.8639999996
2009,KAZ,5006644.800000001
2009,KEN,378596264.19948
2009,KGZ,3301943.0
2009,KHM,51905721.024960004
2009,KIR,0.0
2009,KNA,202928.63799999992
2009,LAO,8006884.837699999
2009,LBN,39300.1302
2009,LBR,5180737.974000001
2009,LBY,30636.5
2009,LCA,796166.5
2009,LKA,562471.12606
2009,LSO,29620750.97136
2009,MAR,5679218.726000002
2009,MDA,4055961.9319999996
2009,MDG,9377906.119000003
2009,MDV,11070.0
2009,MEX,3196793.930000001
2009,MHL,0.0
2009,MKD,1121530.0
2009,MLI,25463434.951
2009,MMR,8893240.972099999
2009,MNE,140374.72100000002
2009,MNG,3676528.4898
2009,MOZ,192780702.26420012
2009,MRT,781098.5199999999
2009,MSR,55267.299999999996
2009,MUS,873713.7939999999
2009,MWI,150838782.16168007
2009,MYS,7591.0
2009,MYT,464623.0
2009,NAM,119696458.28100002
2009,NER,13124087.417999998
2009,NGA,369495846.93399996
2009,NIC,16824454.55900001
2009,NPL,16240809.185399996
2009,OMN,0.0
2009,PAK,8482956.7741
2009,PAN,583989.7000000001
2009,PER,18986091.642700005
2009,PHL,14170075.799150001
2009,PNG,17083351.878599998
2009,PRK,0.0
2009,PRY,4011493.4339999994
2009,PSE,248619.31690999988
2009,RWA,135088535.3142
2009,SDN,12000618.759000009
2009,SEN,19020460.784689993
2009,SHN,15323.3
2009,SLB,182996.8146
2009,SLE,13237370.707999999
2009,SLV,4351874.249
2009,SOM,1349438.1900000002
2009,SRB,5648274.851
2009,STP,64382.590000000004
2009,SUR,2071070.4800000004
2009,SWZ,27758561.363580007
2009,SYC,21660.010000000002
2009,SYR,156630.0
2009,TCD,9271002.271840002
2009,TGO,17156040.372000005
2009,THA,24743721.087999996
2009,TJK,1907684.4200000002
2009,TKM,497673.0
2009,TLS,3015245.19804
2009,TON,8961.46
2009,TTO,1852313.1299999994
2009,TUN,3006349.91
2009,TUR,47520.0
2009,TZA,257080523.2890001
2009,UGA,259291338.8057201
2009,UKR,45615220.5427
2009,URY,144691.331
2009,UZB,9101604.200000001
2009,VCT,505888.17399999994
2009,VEN,593729.61
2009,VNM,95685182.38634999
2009,VUT,408558.0566
2009,XKX,1119242.0
2009,YEM,558043.71
2009,ZAF,565825792.4052397
2009,ZMB,223758272.11201
2009,ZWE,71513121.97229996
2010,AFG,6779843.0
2010,AGO,24678294.20899999
2010,ALB,799841.0
2010,ARG,646613.6900000001
2010,ARM,2364374.6
2010,AZE,4841570.199999999
2010,BDI,16098619.839999998
2010,BEN,30241930.010000005
2010,BFA,40768056.24000001
2010,BGD,16450478.921000002
2010,BIH,6587900.2
2010,BLR,6413569.0
2010,BLZ,1151561.99
2010,BOL,5460112.05
2010,BRA,7451197.669999999
2010,BRB,1851294.1
2010,BTN,1086575.13
2010,BWA,76898739.103
2010,CAF,10404067.299999999
2010,CHL,359964.44
2010,CHN,63756912.15699998
2010,CIV,90490579.10000001
2010,CMR,18168641.086000007
2010,COD,71982872.66
2010,COG,13439606.99
2010,COL,474813.58
2010,COM,466649.0
2010,CPV,1976369.36
2010,CRI,179626.80000000002
2010,CUB,9707705.056999998
2010,DJI,1945542.0999999999
2010,DOM,24831114.010000005
2010,DZA,1146469.0
2010,ECU,5377874.48
2010,EGY,3821697.142
2010,ERI,19492979.800000004
2010,ETH,464143169.03000003
2010,FJI,582449.7899999999
2010,GAB,2222435.1
2010,GEO,7268726.799999999
2010,GHA,33476883.14999999
2010,GIN,7219115.369999999
2010,GMB,6474410.102999999
2010,GNB,6839669.750000001
2010,GNQ,1552640.0
2010,GRD,3931.2799999999997
2010,GTM,10860039.412
2010,GUY,19952104.5
2010,HND,13620276.249999996
2010,HRV,74989.6
2010,HTI,118071088.38000001
2010,IDN,43700931.21200001
2010,IND,258314351.0000001
2010,IRN,3716919.0
2010,IRQ,1674.49
2010,JAM,14988866.720000004
2010,JOR,635089.78
2010,KAZ,4111189.699999999
2010,KEN,399544106.1979999
2010,KGZ,7752210.459999999
2010,KHM,40566590.96300001
2010,KIR,0.0
2010,LAO,6391609.186999999
2010,LBN,311474.37
2010,LBR,15275522.900000002
2010,LBY,0.0
2010,LCA,120519.0
2010,LKA,1179663.9599999997
2010,LSO,47526593.22999998
2010,MAR,7241217.093
2010,MDA,10263928.7
2010,MDG,11141296.49
2010,MDV,709629.9999999999
2010,MEX,6300829.4
2010,MHL,0.0
2010,MKD,1489010.0
2010,MLI,19141852.689999998
2010,MMR,25634150.84699999
2010,MNE,1314189.9999999995
2010,MNG,4239976.923
2010,MOZ,243887979.5974999
2010,MRT,257895.3
2010,MUS,2133201.7700000005
2010,MWI,123504166.17
2010,MYS,64200.62
2010,MYT,0.0
2010,NAM,123234721.3
2010,NER,6462605.459999998
2010,NGA,416802581.9299999
2010,NIC,12288802.199999996
2010,NPL,17186234.670000006
2010,OMN,0.0
2010,PAK,4490771.859999999
2010,PAN,593284.29
2010,PER,12356628.505999995
2010,PHL,9264403.45
2010,PNG,29689474.465699997
2010,PRK,0.0
2010,PRY,6140950.864999999
2010,PSE,2490379.7800000003
2010,RWA,202512672.82
2010,SDN,44981969.614999995
2010,SEN,24877080.765700012
2010,SLB,54936.18
2010,SLE,21457746.610000003
2010,SLV,9651179.439999998
2010,SOM,12487404.18
2010,SRB,3952776.9
2010,STP,109904.67
2010,SUR,865688.2999999999
2010,SWZ,61010642.45299999
2010,SYC,31340.0
2010,SYR,210724.4
2010,TCD,13264431.390000004
2010,TGO,11311047.199999996
2010,THA,41605479.314
2010,TJK,11566614.500000002
2010,TKM,99472.90000000001
2010,TLS,1649833.9329999997
2010,TTO,1847391.16
2010,TUN,4058804.0700000008
2010,TUR,153907.13999999998
2010,TZA,362124126.58
2010,UGA,258890171.90999988
2010,UKR,44227260.809999995
2010,URY,228647.5
2010,UZB,4540386.8029000005
2010,VCT,431392.2
2010,VEN,408810.6199999999
2010,VNM,90283625.82699998
2010,VUT,454081.18
2010,WSM,2094.57
2010,XKX,1490085.0
2010,YEM,5391230.999999999
2010,ZAF,566739227.6890001
2010,ZMB,220965315.318
2010,ZWE,106325656.04100001
2011,AFG,4427172.908999999
2011,AGO,22276966.0
2011,ALB,533864.14
2011,ARG,26240120.729000002
2011,ARM,4571805.210000001
2011,AZE,8379379.710000002
2011,BDI,22843625.419999998
2011,BEN,26618524.646999996
2011,BFA,18011686.117999997
2011,BGD,20466901.761699997
2011,BIH,5981253.155000001
2011,BLR,8525021.73
2011,BLZ,811831.78
2011,BOL,6852848.8633
2011,BRA,5041432.597
2011,BTN,710903.1499999999
2011,BWA,83924873.85460001
2011,CAF,8544435.8117
2011,CHL,260145.43600000002
2011,CHN,92517387.814
2011,CIV,75761348.94170001
2011,CMR,15848501.839099996
2011,COD,64815925.24000001
2011,COG,11185187.222700002
2011,COK,0.0
2011,COL,11372418.181
2011,COM,969687.06
2011,CPV,2358824.0
2011,CRI,121328.23049999999
2011,CUB,8583637.530000001
2011,DJI,2951854.3899999997
2011,DOM,26068602.67
2011,DZA,1002875.2000000001
2011,ECU,4310327.9888
2011,EGY,1369922.515
2011,ERI,8298451.459999999
2011,ETH,387181329.7440001
2011,FJI,727835.7
2011,GAB,2237490.4
2011,GEO,9229371.88
2011,GHA,56529707.077000014
2011,GIN,10539098.0546
2011,GMB,6680823.6946
2011,GNB,6181215.177000001
2011,GNQ,614632.5
2011,GRD,5904.36
2011,GTM,19794745.880200002
2011,GUY,18033675.26
2011,HND,18584627.919700004
2011,HTI,118916817.33
2011,IDN,58444665.058999985
2011,IND,347652373.88299996
2011,IRN,7238294.8
2011,IRQ,8350.518399999999
2011,JAM,17538309.178
2011,JOR,780362.5
2011,KAZ,7356550.769999999
2011,KEN,454346082.7470998
2011,KGZ,9009425.950000001
2011,KHM,64049740.0002
2011,KIR,0.0
2011,KNA,0.0
2011,LAO,10954885.37
2011,LBN,307179.637
2011,LBR,16699504.820000002
2011,LBY,50000.0
2011,LCA,0.0
2011,LKA,4134917.5104999994
2011,LSO,55727380.83099999
2011,MAR,8403619.12
2011,MDA,5250918.48
2011,MDG,8680669.103
2011,MDV,342193.1199999999
2011,MEX,12319610.33
2011,MKD,3915080.0
2011,MLI,18816051.929999996
2011,MMR,22982806.93
2011,MNE,1555810.0
2011,MNG,873272.9601000001
2011,MOZ,242459178.0274999
2011,MRT,727140.5000000001
2011,MUS,1520316.8000000003
2011,MWI,140346087.1774
2011,MYS,1374444.928
2011,NAM,89636134.62699999
2011,NER,13179916.728400001
2011,NGA,384253312.3657
2011,NIC,6478829.346000002
2011,NPL,22172155.533000004
2011,NRU,0.0
2011,PAK,15943461.487500006
2011,PAN,435721.7
2011,PER,5711188.5136
2011,PHL,5395889.797399999
2011,PNG,47205702.89999999
2011,PRK,0.0
2011,PRY,3924320.2716
2011,PSE,457918.09519999987
2011,RWA,208339863.57
2011,SDN,29685031.497999996
2011,SEN,29459845.904999986
2011,SLB,0.0
2011,SLE,16025627.218400003
2011,SLV,6694291.7281
2011,SOM,12579210.39
2011,SRB,3981844.9299999997
2011,SSD,11146617.64
2011,STP,669602.334
2011,SUR,1105246.0000000002
2011,SWZ,64185228.970099986
2011,SYC,0.0
2011,SYR,291717.6999999999
2011,TCD,17269618.592
2011,TGO,12078414.820000004
2011,THA,48529941.1844
2011,TJK,5400134.430000002
2011,TKM,353829.8000000001
2011,TLS,1592559.6746
2011,TON,0.0
2011,TUN,1841484.4100000001
2011,TUR,31827.03
2011,TUV,0.0
2011,TZA,362043962.5076
2011,UGA,272021124.56880003
2011,UKR,50243145.110000014
2011,URY,94313.59999999999
2011,UZB,9071657.81
2011,VCT,180695.0
2011,VEN,502461.06
2011,VNM,122976479.0576
2011,VUT,0.0
2011,WSM,75520.307
2011,XKX,466182.1100000001
2011,YEM,282107.43
2011,ZAF,585431907.1255999
2011,ZMB,298864872.0335
2011,ZWE,89215271.23249999
2012,AFG,4059874.2
2012,AGO,21082778.869999997
2012,ALB,283337.93
2012,ARG,11545921.353
2012,ARM,4567778.499999999
2012,AZE,2099516.5
2012,BDI,20894732.863
2012,BEN,9833507.89
2012,BFA,26009763.079999994
2012,BGD,12097447.197999999
2012,BIH,2922774.2000000007
2012,BLR,6811031.97
2012,BLZ,1642964.7800000003
2012,BOL,1965548.959
2012,BRA,4879859.0671
2012,BTN,356588.67
2012,BWA,72609454.18100002
2012,CAF,5059702.43
2012,CHL,124179.3
2012,CHN,90547212.15879998
2012,CIV,85182438.70799996
2012,CMR,29834916.873
2012,COD,117542561.63
2012,COG,4754622.244000001
2012,COL,2495478.9590000007
2012,COM,705625.4100000001
2012,CPV,272000.0
2012,CRI,14211.5052
2012,CUB,8270000.3
2012,DJI,1533322.693
2012,DOM,29308524.599999998
2012,DZA,309680.0999999999
2012,ECU,1965151.4619999998
2012,EGY,2563187.3389999988
2012,ERI,18106707.669999998
2012,ETH,303368532.193
2012,FJI,1524503.9600000002
2012,GAB,1578500.7600000005
2012,GEO,8651217.299999999
2012,GHA,46091537.162
2012,GIN,9350330.230999999
2012,GMB,5174250.873
2012,GNB,1680219.681
2012,GNQ,56151.0
2012,GRD,7205.76
2012,GTM,13724331.701000001
2012,GUY,12748678.989999996
2012,HND,16486043.769999992
2012,HTI,107655071.02529997
2012,IDN,59749472.8
2012,IND,217850863.01699996
2012,IRN,6487265.250000001
2012,IRQ,1483.2540000000001
2012,JAM,9138197.27
2012,JOR,630000.0
2012,KAZ,8733446.13
2012,KEN,571364116.1920002
2012,KGZ,6645416.0
2012,KHM,29389094.82600001
2012,KIR,0.0
2012,KNA,0.0
2012,LAO,5965593.430000001
2012,LBN,222411.592
2012,LBR,14799952.274000002
2012,LBY,0.0
2012,LCA,0.0
2012,LKA,2333555.5884
2012,LSO,63201447.91
2012,MAR,7085706.8
2012,MDA,5778956.75
2012,MDG,7855833.17
2012,MDV,896940.23
2012,MEX,14239042.299999999
2012,MKD,1592006.2
2012,MLI,33935940.879999995
2012,MMR,29981954.995300006
2012,MNE,821000.0
2012,MNG,1346513.8920000002
2012,MOZ,260260294.9248
2012,MRT,2679572.5890000006
2012,MUS,1771808.9400000002
2012,MWI,162081944.9804001
2012,MYS,1508796.04
2012,NAM,117807200.362
2012,NER,8120184.992000001
2012,NGA,442768298.73
2012,NIC,11982117.272000002
2012,NPL,21307821.761
2012,PAK,5845000.720000001
2012,PAN,1902794.6
2012,PER,6061380.916
2012,PHL,13538573.3768
2012,PNG,71625780.73300004
2012,PRK,0.0
2012,PRY,4443446.72
2012,PSE,3215593.4519999996
2012,RWA,198715245.695
2012,SDN,20346837.758
2012,SEN,17770935.611
2012,SLB,45592.2
2012,SLE,16531818.484999996
2012,SLV,6528376.341
2012,SOM,6840057.429999999
2012,SRB,3681934.6999999997
2012,SSD,20281974.53
2012,STP,384766.09
2012,SUR,164031.5
2012,SWZ,55327916.1148
2012,SYC,243.0
2012,SYR,467910.29
2012,TCD,6802952.948999999
2012,TGO,7332833.943
2012,THA,23951164.595000003
2012,TJK,12809946.399999999
2012,TKM,169600.0
2012,TLS,3230103.941
2012,TUN,1458281.52
2012,TUR,0.0
2012,TUV,0.0
2012,TZA,382159404.811
2012,UGA,320435208.952
2012,UKR,67875675.11
2012,URY,2192697.4
2012,UZB,19261506.29
2012,VCT,0.0
2012,VEN,638735.9
2012,VNM,88686726.156
2012,VUT,1113150.0
2012,WSM,0.0
2012,XKX,993909.66
2012,YEM,601182.72
2012,ZAF,595385619.7820002
2012,ZMB,293927774.2519999
2012,ZWE,202986496.76
2013,AFG,2440781.1780000003
2013,AGO,33421950.620000005
2013,AIA,4343.34
2013,ALB,243451.5
2013,ARG,24617851.5
2013,ARM,3813692.5000000005
2013,AZE,5298483.8
2013,BDI,19631316.725
2013,BEN,10243376.949999997
2013,BFA,40921503.024000004
2013,BGD,20657189.200000003
2013,BIH,7978909.200000001
2013,BLR,7255883.4
2013,BLZ,1610372.18
2013,BOL,9355338.372
2013,BRA,3705686.9
2013,BTN,408590.06
2013,BWA,84779575.47799999
2013,CAF,7425560.3100000005
2013,CHL,126582.9799999999
2013,CHN,22026662.674000002
2013,CIV,87299133.43
2013,CMR,45589774.74400001
2013,COD,97674559.28460002
2013,COG,8011503.8
2013,COK,0.0
2013,COL,14914659.207
2013,COM,510453.00000000006
2013,CPV,2966277.34
2013,CRI,28720.744
2013,CUB,9422041.3
2013,DJI,5196238.212000001
2013,DOM,33495056.599999998
2013,DZA,310436.63
2013,ECU,5976851.957
2013,EGY,1749555.0699999998
2013,ERI,11749078.38
2013,ETH,369362499.19999987
2013,FJI,998826.61
2013,FSM,0.0
2013,GAB,1987430.5000000002
2013,GEO,11311007.979999999
2013,GHA,57788111.409
2013,GIN,14348475.9
2013,GMB,10627792.870000001
2013,GNB,372648.499
2013,GNQ,9220.67
2013,GTM,14817065.299999999
2013,GUY,10239427.24
2013,HND,16479941.399999995
2013,HTI,114471607.01
2013,IDN,66263218.972
2013,IND,261175393.15000004
2013,IRN,4841924.580000001
2013,IRQ,486.704
2013,JAM,15008528.399999999
2013,JOR,70228.87
2013,KAZ,6164564.459999999
2013,KEN,626719360.5099998
2013,KGZ,8094928.599000001
2013,KHM,35508479.378
2013,KIR,6476.01
2013,LAO,9200836.48
2013,LBN,1690.0330000000001
2013,LBR,19054338.03
2013,LBY,42286.200000000004
2013,LKA,4600455.840000002
2013,LSO,57213497.04
2013,MAR,4301180.49
2013,MDA,6615822.7
2013,MDG,7177668.46
2013,MDV,124220.0
2013,MEX,12496273.450000003
2013,MKD,2474130.0
2013,MLI,13196326.5834
2013,MMR,56859489.12630001
2013,MNE,857484.0
2013,MNG,860819.9580000001
2013,MOZ,259393556.10400003
2013,MRT,3230402.973
2013,MUS,1738887.0
2013,MWI,149871119.217
2013,MYS,5447606.08
2013,NAM,91959659.94300002
2013,NER,9704327.014
2013,NGA,583386476.47
2013,NIC,6504959.949999998
2013,NPL,26555169.459999997
2013,NRU,0.0
2013,PAK,4694716.482
2013,PAN,2131567.2
2013,PER,2308050.978
2013,PHL,2433919.272000001
2013,PNG,75385663.39999999
2013,PRK,0.0
2013,PRY,4884554.45
2013,PSE,1283955.04
2013,RWA,147460291.57000005
2013,SDN,18446569.405
2013,SEN,22113808.099
2013,SLB,0.0
2013,SLE,11135705.441000002
2013,SLV,10375080.479999999
2013,SOM,10183320.870000005
2013,SRB,4162548.0
2013,SSD,29468913.700000003
2013,STP,856295.1499999999
2013,SUR,405443.3199999999
2013,SWZ,65697993.85
2013,SYC,0.0
2013,SYR,830186.8500000001
2013,TCD,14834123.19
2013,TGO,13261008.762000006
2013,THA,37988518.57100001
2013,TJK,9137911.980000002
2013,TKM,215450.0
2013,TLS,1740825.6
2013,TUN,2146086.655
2013,TUR,0.0
2013,TZA,475646941.03400016
2013,UGA,337277972.8179999
2013,UKR,63143759.5
2013,URY,1099180.6509999998
2013,UZB,3402578.8700000006
2013,VCT,714.259
2013,VEN,430158.30100000004
2013,VNM,90769135.553
2013,WSM,0.0
2013,XKX,923898.0
2013,YEM,933949.8200000001
2013,ZAF,555538545.7406002
2013,ZMB,283800197.428
2013,ZWE,157060507.688
2014,AFG,2183503.9
2014,AGO,15705810.6
2014,ALB,255664.45500000002
2014,ARG,7202103.78
2014,ARM,3437247.23
2014,AZE,6875132.669999998
2014,BDI,18720973.57
2014,BEN,15828711.299999997
2014,BFA,13032756.92
2014,BGD,16768379.999999996
2014,BIH,4588359.013
2014,BLR,4895264.2
2014,BLZ,184341.97
2014,BOL,3023211.707
2014,BRA,2456346.8
2014,BTN,210935.2699999999
2014,BWA,65118161.51380002
2014,CAF,5856498.960000001
2014,CHL,0.0
2014,CHN,5501230.58
2014,CIV,111752627.54
2014,CMR,35380380.71
2014,COD,58113460.44999999
2014,COG,3449073.91
2014,COL,3967823.382
2014,COM,624539.77
2014,CPV,1304971.5099999998
2014,CRI,36826.7
2014,CUB,2162655.86
2014,DJI,2666820.2800000003
2014,DOM,25616180.100000005
2014,DZA,123383.78
2014,ECU,5315662.03
2014,EGY,435427.88999999996
2014,ERI,19200778.5
2014,ETH,283939572.27
2014,FJI,358008.3
2014,FSM,17680.0
2014,GAB,919645.5
2014,GEO,6861234.65
2014,GHA,23551626.12
2014,GIN,11118023.600000001
2014,GMB,6916776.2
2014,GNB,2253780.2199999997
2014,GNQ,25173.5
2014,GRD,0.0
2014,GTM,11447350.814
2014,GUY,8715194.6
2014,HND,7461439.349
2014,HTI,127154039.93999998
2014,IDN,46772914.90000002
2014,IND,106296141.58
2014,IRN,7015649.68
2014,IRQ,0.0
2014,JAM,5024878.000000002
2014,JOR,72450.0
2014,KAZ,676640.7999999999
2014,KEN,507805421.82
2014,KGZ,6335443.31
2014,KHM,40855347.20800001
2014,KIR,0.0
2014,LAO,7537306.670000001
2014,LBN,168166.6999999999
2014,LBR,7198821.500000001
2014,LBY,28173.0
2014,LCA,0.0
2014,LKA,1214530.7470000004
2014,LSO,45944285.971
2014,MAR,8416029.190000001
2014,MDA,8464794.761
2014,MDG,3738973.03
2014,MDV,35604.799999999996
2014,MEX,654036.8
2014,MHL,984000.0
2014,MKD,1207297.6972
2014,MLI,32201760.74
2014,MMR,40604638.919
2014,MNE,818732.0
2014,MNG,906944.692
2014,MOZ,312840280.7470001
2014,MRT,1304001.1600000001
2014,MUS,1848565.47
2014,MWI,156917102.42700005
2014,MYS,2739560.0
2014,NAM,78756730.32
2014,NER,5214255.819999999
2014,NGA,441864800.7199998
2014,NIC,6012724.866000001
2014,NIU,0.0
2014,NPL,20747505.285000004
2014,NRU,0.0
2014,PAK,8094472.189999998
2014,PAN,968107.0
2014,PER,3636693.63
2014,PHL,3204722.4669999997
2014,PNG,81944948.8
2014,PRK,16306.399999999998
2014,PRY,4070303.72
2014,PSE,68097.88
2014,RWA,190374727.50800005
2014,SDN,11817673.485
2014,SEN,15215953.929999998
2014,SLB,200000.0
2014,SLE,17743402.299999997
2014,SLV,1646179.39
2014,SOM,5995246.700000002
2014,SRB,1321559.9999999998
2014,SSD,15987501.899999999
2014,STP,631707.8
2014,SUR,9083.46
2014,SWZ,44956095.70000001
2014,SYC,0.0
2014,SYR,1322174.1
2014,TCD,10665848.12
2014,TGO,12451721.389999999
2014,THA,25539287.300000004
2014,TJK,5502810.828000001
2014,TKM,220198.99999999988
2014,TLS,3561807.4000000004
2014,TON,0.0
2014,TUN,1883788.05
2014,TUR,12048.459999999899
2014,TZA,442949947.999
2014,UGA,318304591.1600001
2014,UKR,52553176.59
2014,URY,429276.4
2014,UZB,7814543.54
2014,VCT,0.0
2014,VEN,214312.68
2014,VNM,63011258.897
2014,VUT,0.0
2014,WSM,44789.700000000004
2014,XKX,1326818.486
2014,YEM,607334.3300000001
2014,ZAF,590115271.7099999
2014,ZMB,316097516.7699999
2014,ZWE,176246020.42000002
2015,AFG,4160726.2890000003
2015,AGO,15820789.920000006
2015,ALB,43837.113
2015,ARG,6634156.480000001
2015,ARM,1044794.1000000001
2015,AZE,2407411.7199999997
2015,BDI,20467073.28000001
2015,BEN,12497878.109999998
2015,BFA,15097589.780000001
2015,BGD,11286668.691
2015,BIH,3114740.6405
2015,BLR,4998606.6863
2015,BLZ,959383.0
2015,BOL,5440734.5055
2015,BRA,2186885.685
2015,BTN,1076583.21
2015,BWA,49256476.31000001
2015,CAF,2079307.5900000003
2015,CHL,10467.0
2015,CHN,3335308.5500000003
2015,CIV,66245852.0676
2015,CMR,39078517.81000001
2015,COD,76733368.65000002
2015,COG,4497064.430000001
2015,COK,9000.0
2015,COL,6326993.65
2015,COM,478090.95
2015,CPV,486931.0
2015,CRI,943771.0
2015,CUB,7135789.709
2015,DJI,2746714.18
2015,DOM,14381091.219999997
2015,DZA,277563.79999999993
2015,ECU,4784781.45
2015,EGY,734937.165
2015,ERI,3808130.6599999997
2015,ETH,237756519.987
2015,FJI,660857.6000000002
2015,FSM,0.0
2015,GAB,713389.36
2015,GEO,8498900.33
2015,GHA,36440125.47
2015,GIN,12900038.82
2015,GMB,4162022.7799999984
2015,GNB,729551.22
2015,GNQ,268281.8299999999
2015,GRD,0.0
2015,GTM,12594399.513999995
2015,GUY,5901211.5
2015,HND,6017906.294
2015,HTI,97581198.20000002
2015,IDN,40181517.940000005
2015,IND,190397458.71100003
2015,IRN,6597989.634
2015,IRQ,10220.419999999998
2015,JAM,6965692.8
2015,JOR,0.0
2015,KAZ,4554049.92
2015,KEN,464164591.01699966
2015,KGZ,7149145.319999999
2015,KHM,30037270.691000007
2015,KIR,0.0
2015,LAO,5840475.77
2015,LBN,187129.81
2015,LBR,8597657.839999996
2015,LBY,0.0
2015,LCA,0.0
2015,LKA,294209.094
2015,LSO,41435843.59
2015,MAR,1878743.97
2015,MDA,811826.2719999999
2015,MDG,3484124.939999999
2015,MDV,134027.93999999992
2015,MEX,85939.72
2015,MHL,4000.0
2015,MKD,3001538.6505
2015,MLI,17739563.959999986
2015,MMR,26925296.8946
2015,MNE,0.0
2015,MNG,2179228.14
2015,MOZ,211978133.94300008
2015,MRT,1583362.8900000004
2015,MUS,348984.77
2015,MWI,157579895.01399997
2015,MYS,1132565.6099999999
2015,NAM,57546389.46000003
2015,NER,9486097.89
2015,NGA,360624795.17999995
2015,NIC,5387376.672999999
2015,NIU,5000.0
2015,NPL,21541661.617
2015,NRU,0.0
2015,PAK,19298884.027299993
2015,PAN,62103.7399999999
2015,PER,1154994.82
2015,PHL,3978547.6740000015
2015,PLW,0.0
2015,PNG,47803994.099999994
2015,PRK,39811.600000000006
2015,PRY,2796470.4450000003
2015,PSE,785523.8999999999
2015,RWA,118507821.00000001
2015,SDN,5812003.650000002
2015,SEN,15581492.798633995
2015,SLB,0.0
2015,SLE,6386884.380000002
2015,SLV,8510874.594999997
2015,SOM,6485179.776000001
2015,SRB,13880.717
2015,SSD,26858130.4
2015,STP,605560.4
2015,SUR,1237356.9999999998
2015,SWZ,41342069.01999999
2015,SYC,22001.81
2015,SYR,27195.07
2015,TCD,10999401.080000004
2015,TGO,8722114.7513
2015,THA,2237107.9540000004
2015,TJK,5235472.840000001
2015,TKL,4375.99
2015,TKM,378665.39
2015,TLS,776545.0900000001
2015,TON,1950.0
2015,TUN,1855226.8
2015,TUR,299949.3430000001
2015,TUV,0.0
2015,TZA,271129791.70600003
2015,UGA,301277141.7869999
2015,UKR,25973753.712
2015,URY,50370.21
2015,UZB,4165879.7800000003
2015,VCT,0.0
2015,VEN,321734.26
2015,VNM,52066398.103
2015,VUT,0.0
2015,WLF,0.0
2015,WSM,15972.0
2015,XKX,896915.3805
2015,YEM,627298.01
2015,ZAF,336994063.6876001
2015,ZMB,162876677.9470001
2015,ZWE,264767017.78499994
2016,AFG,4019007.5900000003
2016,AGO,29717435.84
2016,ALB,14368.4
2016,ARG,3418805.98
2016,ARM,1986220.0
2016,ATG,0.0
2016,AZE,3109958.0900000003
2016,BDI,19555494.500000007
2016,BEN,15252829.200000001
2016,BFA,12660948.85
2016,BGD,8420035.19
2016,BIH,503600.00000000006
2016,BLR,3061735.6900000004
2016,BLZ,56491.100000000006
2016,BOL,4202031.2
2016,BRA,3406781.1699999995
2016,BTN,345929.0
2016,BWA,60494413.620000005
2016,CAF,2975823.3000000007
2016,CHL,765.0
2016,CHN,4041314.9499999993
2016,CIV,116050655.09999996
2016,CMR,53339419.52
2016,COD,114437756.50999996
2016,COG,5503928.3
2016,COK,8014.44
2016,COL,3378534.3000000003
2016,COM,1366357.5799999998
2016,CPV,11810.3499999999
2016,CRI,1743621.9999999998
2016,CUB,6400824.9
2016,DJI,1600308.0999999999
2016,DOM,16301722.000000002
2016,DZA,240438.9999999999
2016,ECU,2054944.21
2016,EGY,387602.95
2016,ERI,8967911.000000002
2016,ETH,263904671.09000003
2016,FJI,542358.7
2016,GAB,712648.72
2016,GEO,4193991.1
2016,GHA,33383628.29999999
2016,GIN,22657093.62
2016,GMB,3995660.7
2016,GNB,5679148.34
2016,GNQ,266535.5
2016,GRD,0.0
2016,GTM,10875096.42
2016,GUY,5908727.75
2016,HND,9536480.0
2016,HTI,90636012.5
2016,IDN,40075689.51
2016,IND,91599485.24000001
2016,IRN,4084912.9
2016,IRQ,29074.0
2016,JAM,9745042.0
2016,JOR,0.0
2016,KAZ,1991447.4
2016,KEN,543722354.0
2016,KGZ,3208375.73
2016,KHM,23955200.470000003
2016,KIR,0.0
2016,LAO,5425877.2
2016,LBN,126154.70000000001
2016,LBR,8172441.33
2016,LBY,16248.300000000001
2016,LCA,0.0
2016,LKA,2249368.7399999998
2016,LSO,48622270.86999998
2016,MAR,6020767.3500000015
2016,MDA,4158740.000000001
2016,MDG,6208256.009999998
2016,MDV,37201.6
2016,MEX,18040.3
2016,MHL,0.0
2016,MKD,962362.3999999999
2016,MLI,23681255.610000003
2016,MMR,62061604.69000002
2016,MNE,0.0
2016,MNG,1251506.9000000001
2016,MOZ,331925472.79
2016,MRT,2128242.38
2016,MUS,469436.3
2016,MWI,124372394.72999999
2016,MYS,1039608.2
2016,NAM,64419727.52999997
2016,NER,5800568.1
2016,NGA,345153957.41
2016,NIC,12588802.176999997
2016,NPL,13854176.499999998
2016,PAK,10651079.940000001
2016,PAN,4411.9999999999
2016,PER,4480885.899999999
2016,PHL,3185730.000000001
2016,PNG,50619832.35000001
2016,PRK,33577.799999999996
2016,PRY,2057823.0
2016,PSE,4019.04
2016,RWA,111603771.57000001
2016,SDN,12598699.399999999
2016,SEN,12682260.17
2016,SLB,753242.14
2016,SLE,14149123.129999999
2016,SLV,4718431.07
2016,SOM,8384191.499999998
2016,SRB,160083.16
2016,SSD,14770671.5
2016,STP,421532.2
2016,SUR,19428.1
2016,SWZ,74435062.82000002
2016,SYC,26606.600000000002
2016,SYR,579466.6999999998
2016,TCD,10161070.84
2016,TGO,1905168.87
2016,THA,1752861.3399999994
2016,TJK,8068044.609999999
2016,TKL,3000.0
2016,TKM,240279.0
2016,TLS,1152418.9000000001
2016,TON,10000.0
2016,TUN,2323063.78
2016,TUR,12362.16
2016,TZA,438503610.6100001
2016,UGA,388405633.72999996
2016,UKR,22998517.903000005
2016,URY,34255.1
2016,UZB,9302420.18
2016,VCT,0.0
2016,VEN,56591.97
2016,VNM,56345474.19999999
2016,VUT,5639.67
2016,WSM,479817.79999999993
2016,XKX,848586.8999999999
2016,YEM,396818.85
2016,ZAF,471901428.22
2016,ZMB,221889752.03999996
2016,ZWE,208334395.48000002
2017,AFG,5821483.609999999
2017,AGO,23267459.22
2017,ALB,18377.6199999999
2017,ARG,5223481.46
2017,ARM,1390773.23
2017,ATG,6389.99
2017,AZE,2568800.4699999997
2017,BDI,36073345.14
2017,BEN,16256402.58
2017,BFA,15639704.7
2017,BGD,10501726.390000002
2017,BIH,0.0
2017,BLR,4451338.120000001
2017,BLZ,54706.6
2017,BOL,2031206.5399999998
2017,BRA,4793968.17
2017,BTN,392942.2700000001
2017,BWA,50717127.72
2017,CAF,2044399.3900000001
2017,CHL,36649.52
2017,CHN,3075264.0
2017,CIV,148164169.6
2017,CMR,91733053.10000001
2017,COD,144979405.52000004
2017,COG,8734730.610000001
2017,COL,1738168.3
2017,COM,833806.2000000002
2017,CPV,10884.980000000001
2017,CRI,1179982.47
2017,CUB,5057140.159999999
2017,DJI,2137876.3000000003
2017,DMA,348800.0
2017,DOM,25465565.78000001
2017,DZA,1231559.1800000002
2017,ECU,1340754.9959999998
2017,EGY,742058.64
2017,ERI,7439491.6
2017,ETH,241562826.01000005
2017,FJI,344220.6
2017,GAB,775990.0000000001
2017,GEO,5788344.13
2017,GHA,58641281.78999998
2017,GIN,14039631.41
2017,GMB,4608439.449999999
2017,GNB,4501276.77
2017,GNQ,224200.0
2017,GRD,3115.0
2017,GTM,8199503.290000001
2017,GUY,5452050.300000001
2017,HND,5049205.000000002
2017,HTI,87035546.44999999
2017,IDN,80395295.80000001
2017,IND,53092476.25800001
2017,IRN,4786990.809999999
2017,IRQ,274436.8
2017,JAM,11680326.73
2017,JOR,15927.0
2017,KAZ,2688888.0
2017,KEN,569510285.79
2017,KGZ,703964.94
2017,KHM,26915150.40000001
2017,KIR,0.0
2017,LAO,4501074.399999999
2017,LBN,44590.5499999999
2017,LBR,6542841.13
2017,LBY,2983.0
2017,LCA,0.0
2017,LKA,2545429.7520000003
2017,LSO,64810747.85
2017,MAR,4704490.42
2017,MDA,4248887.65
2017,MDG,6348335.819999999
2017,MDV,16437.4
2017,MEX,19515.88
2017,MKD,740416.3400000001
2017,MLI,24357183.22
2017,MMR,61440615.938
2017,MNE,0.0
2017,MNG,1905829.4
2017,MOZ,402367012.45299995
2017,MRT,504882.4000000001
2017,MUS,2194393.7700000005
2017,MWI,126301688.98199996
2017,MYS,591357.0
2017,NAM,88594019.49999999
2017,NER,7573070.169999999
2017,NGA,348199426.7100001
2017,NIC,7348057.800000001
2017,NIU,5000.0
2017,NPL,16835483.6
2017,PAK,13545773.100000001
2017,PAN,98345.2
2017,PER,3962375.6
2017,PHL,8395673.9
2017,PNG,20013352.2
2017,PRK,66990.8
2017,PRY,2178695.1999999997
2017,PSE,84249.0
2017,RWA,115732856.56999998
2017,SDN,4353961.89
2017,SEN,14024467.879000004
2017,SLB,16512.6
2017,SLE,16354385.359999998
2017,SLV,7044871.05
2017,SOM,7950506.1499999985
2017,SRB,77120.0
2017,SSD,38959575.19000001
2017,STP,480453.34
2017,SUR,39844.309999999896
2017,SWZ,81032971.71999998
2017,SYC,32936.2
2017,SYR,0.0
2017,TCD,11158988.399999999
2017,TGO,15135103.81
2017,THA,1217359.4799999997
2017,TJK,8401550.29
2017,TKM,13069.9999999999
2017,TLS,1599706.01
2017,TUN,3892083.2199999997
2017,TUR,56780.18
2017,TZA,484403413.35000014
2017,UGA,389258567.9
2017,UKR,32575359.200000014
2017,URY,13342.9
2017,UZB,9117005.2
2017,VCT,0.0
2017,VEN,265358.17
2017,VNM,67315689.78999999
2017,VUT,4094.0200000000004
2017,WSM,18850.6
2017,XKX,727725.5700000001
2017,YEM,206131.0
2017,ZAF,535293324.56
2017,ZMB,312648244.7199998
2017,ZWE,228009868.51299998
2018,AFG,4390599.710000001
2018,AGO,24317289.570000004
2018,ALB,19027.7
2018,ARG,131333.6
2018,ARM,2338676.6300000004
2018,ATG,4148.620000000001
2018,AZE,2599229.0
2018,BDI,15824593.200000001
2018,BEN,12900529.280000001
2018,BFA,12556199.299999999
2018,BGD,7457840.256000001
2018,BIH,277257.0
2018,BLR,3564282.299999999
2018,BLZ,43806.0
2018,BOL,5208611.763
2018,BRA,3477107.4500000007
2018,BTN,609939.3
2018,BWA,49418631.900000006
2018,CAF,260119.0999999999
2018,CHN,2372799.35
2018,CIV,151481392.16
2018,CMR,79538354.14999998
2018,COD,67531580.14
2018,COG,2741155.5999999996
2018,COL,2206397.644
2018,COM,2213185.11
2018,CPV,2271.46
2018,CRI,1292730.0
2018,CUB,6110566.200000001
2018,DJI,1313071.7999999998
2018,DMA,0.0
2018,DOM,16877714.650000006
2018,DZA,2374456.71
2018,ECU,1667967.1039999998
2018,EGY,328422.7
2018,ERI,10344935.479999999
2018,ETH,211115194.80000007
2018,FJI,56491.8
2018,GAB,210544.01
2018,GEO,6186179.0
2018,GHA,18166003.060000006
2018,GIN,13054157.9
2018,GMB,1378878.0000000005
2018,GNB,316498.5
2018,GNQ,111065.2
2018,GTM,8056272.704
2018,GUY,3049132.283999999
2018,HND,3924057.404000001
2018,HTI,86890569.904
2018,IDN,34200626.32
2018,IND,82906272.11999997
2018,IRN,4347907.700000001
2018,IRQ,24787.0
2018,JAM,9373465.77
2018,JOR,130010.45999999999
2018,KAZ,1562023.5
2018,KEN,514601786.4800001
2018,KGZ,723107.0000000002
2018,KHM,12491938.499999998
2018,KIR,0.0
2018,LAO,2122381.6400000006
2018,LBN,17983.920000000002
2018,LBR,6093951.8999999985
2018,LBY,42053.0
2018,LCA,14998.0
2018,LKA,4161874.8
2018,LSO,81689826.24999999
2018,MAR,5233982.889999999
2018,MDA,200013.41999999998
2018,MDG,3535145.1000000006
2018,MDV,34234.8
2018,MEX,70285.9
2018,MHL,0.0
2018,MKD,32861.1
2018,MLI,17838054.229999993
2018,MMR,41930306.83000001
2018,MNG,1314903.2
2018,MOZ,396282246.6153
2018,MRT,827643.8
2018,MUS,686379.0000000001
2018,MWI,116749140.56999996
2018,MYS,1040330.0
2018,NAM,62751065.069999985
2018,NER,4497616.8
2018,NGA,313046018.1999999
2018,NIC,4009007.704
2018,NIU,4179.160000000001
2018,NPL,12518719.899999995
2018,PAK,9192126.200000001
2018,PAN,36972.1
2018,PER,2027429.6239999998
2018,PHL,5175869.13
2018,PNG,15644807.200000003
2018,PRK,44670.0
2018,PRY,1719883.2040000001
2018,PSE,0.0
2018,RWA,101205889.07999997
2018,SDN,5543612.7700000005
2018,SEN,16279124.17
2018,SLB,19309.9
2018,SLE,12317116.2
2018,SLV,4941027.84
2018,SOM,8880555.4
2018,SRB,128190.59999999999
2018,SSD,26538036.8
2018,STP,19388.35
2018,SUR,22846.604
2018,SWZ,58563932.11000001
2018,SYR,30470.8
2018,TCD,12457424.700000005
2018,TGO,11167807.120000001
2018,THA,622758.4
2018,TJK,3294585.4000000004
2018,TKM,3714.4
2018,TLS,1549721.6800000002
2018,TON,5433.35
2018,TUN,3625853.2300000004
2018,TUR,55572.64
2018,TZA,398736359.08
2018,UGA,431456698.60999995
2018,UKR,27168629.9
2018,UZB,4414528.2
2018,VEN,197891.9999999999
2018,VNM,46234772.000000015
2018,VUT,2047.2899999999997
2018,WSM,584440.7000000001
2018,XKX,927486.0
2018,YEM,21518.969999999998
2018,ZAF,516954383.44
2018,ZMB,277164024.8720001
2018,ZWE,296384152.3400001
2019,AFG,0.0
2019,ARG,0.0
2019,BDI,0.0
2019,BEN,674068.825
2019,BFA,452148.0
2019,BGD,107973.1999999999
2019,BLR,0.0
2019,BOL,241340.521
2019,BRA,241815.0
2019,BWA,51111.5
2019,CHN,223171.9
2019,CIV,0.0
2019,CMR,209806.96
2019,COD,618395.77
2019,COL,3425.02
2019,ECU,79618.62
2019,EGY,0.0
2019,ETH,5099639.599999999
2019,GEO,247893.0
2019,GHA,173913.0
2019,GIN,0.0
2019,GTM,102451.84999999999
2019,GUY,3425.02
2019,HND,16779.62
2019,HTI,176748.02000000002
2019,IDN,131923.0
2019,IND,482423.13
2019,IRQ,0.0
2019,JOR,0.0
2019,KEN,508523.1
2019,KGZ,41289.2
2019,KHM,689210.54
2019,LBN,0.0
2019,LBR,29954.890000000003
2019,LKA,0.0
2019,MAR,0.0
2019,MEX,0.0
2019,MLI,0.0
2019,MMR,0.0
2019,MOZ,886709.2999999999
2019,MWI,255149.3199999999
2019,NAM,0.0
2019,NER,0.0
2019,NGA,0.0
2019,NIC,79450.92
2019,NPL,57139.1
2019,PAK,581307.0
2019,PER,3425.02
2019,PHL,85753.6
2019,PRY,3425.02
2019,PSE,0.0
2019,RWA,238453.69999999998
2019,SDN,15627.4
2019,SEN,0.0
2019,SLE,0.0
2019,SLV,15627.4
2019,SOM,0.0
2019,SRB,54080.9
2019,SSD,0.0
2019,SUR,3425.02
2019,SWZ,0.0
2019,TGO,39308.200000000004
2019,THA,28778.600000000002
2019,TJK,0.0
2019,TZA,181041.6
2019,UGA,0.0
2019,UKR,142464.37
2019,UZB,0.0
2019,VNM,0.0
2019,YEM,0.0
2019,ZAF,18053235.699999996
2019,ZMB,486215.13
2019,ZWE,217717.4
