"country","iso3","year","total","amr","care","ct","hss_hrh","hss_other","other","ovc","pmtct","prev","treat"
"Angola","AGO",2003,9354000,0,23000,0,27000,117000,8708000,23000,1000,420000,39000
"Angola","AGO",2004,16780000,0,8000,45000,43000,527000,15970000,3000,0,147000,35000
"Angola","AGO",2005,29495000,0,916000,903000,221000,4507000,15882000,772000,560000,3351000,2367000
"Angola","AGO",2006,27944000,264000,854000,792000,786000,3100000,15107000,267000,507000,3816000,2436000
"Angola","AGO",2007,20586000,0,655000,1215000,858000,4274000,4728000,508000,1336000,5395000,1610000
"Angola","AGO",2008,31967000,30000,1985000,2089000,306000,8356000,3181000,615000,1623000,9397000,4382000
"Angola","AGO",2009,24021000,149000,1299000,1142000,1133000,6694000,3640000,294000,863000,6408000,2387000
"Angola","AGO",2010,28592000,213000,1365000,1801000,679000,9386000,1588000,426000,1358000,8961000,2807000
"Angola","AGO",2011,25044000,162000,482000,1199000,562000,8705000,1292000,130000,1229000,10416000,865000
"Angola","AGO",2012,22567000,79000,39000,1084000,1168000,8832000,1042000,1000,649000,8688000,959000
"Angola","AGO",2013,33891000,45000,19000,791000,2147000,16696000,3562000,1000,629000,6752000,3232000
"Angola","AGO",2014,15161000,15000,8000,1084000,1353000,6235000,934000,1000,1002000,4459000,57000
"Angola","AGO",2015,17432000,15000,1550000,2063000,1824000,4558000,816000,80000,2446000,2484000,1592000
"Angola","AGO",2016,26389000,3000,7824000,890000,1079000,4293000,2971000,3000,177000,1889000,7255000
"Angola","AGO",2017,21143000,3000,2308000,2477000,2209000,4427000,1594000,4000,139000,3255000,4721000
"Benin","BEN",2003,10563000,0,116000,82000,7000,335000,8998000,22000,102000,592000,307000
"Benin","BEN",2004,19232000,0,459000,341000,17000,1598000,13304000,83000,423000,1823000,1171000
"Benin","BEN",2005,19238000,0,789000,583000,17000,2339000,8977000,134000,733000,3672000,1988000
"Benin","BEN",2006,21100000,0,674000,495000,364000,2069000,11631000,116000,625000,3280000,1842000
"Benin","BEN",2007,15139000,0,577000,414000,316000,1747000,7697000,111000,515000,2191000,1557000
"Benin","BEN",2008,13323000,0,496000,356000,21000,2332000,4492000,904000,439000,3017000,1239000
"Benin","BEN",2009,18448000,0,1034000,347000,684000,5015000,5341000,1029000,513000,4077000,399000
"Benin","BEN",2010,35014000,20000,2943000,1018000,903000,7573000,6806000,582000,1317000,10814000,3033000
"Benin","BEN",2011,28463000,17000,2360000,973000,925000,5040000,5404000,435000,1199000,8586000,3516000
"Benin","BEN",2012,9512000,7000,526000,23000,568000,758000,4086000,166000,35000,3293000,40000
"Benin","BEN",2013,12862000,14000,783000,568000,725000,2411000,1993000,138000,712000,3576000,1929000
"Benin","BEN",2014,17832000,1000,1426000,884000,579000,3725000,2577000,207000,1095000,4231000,3099000
"Benin","BEN",2015,13533000,1000,1179000,653000,627000,2830000,1694000,153000,810000,3175000,2401000
"Benin","BEN",2016,16575000,0,1500000,790000,141000,3658000,2726000,182000,938000,3800000,2843000
"Benin","BEN",2017,18038000,0,1534000,797000,142000,4807000,2836000,186000,962000,3847000,2921000
"Botswana","BWA",2003,27950000,0,139000,0,23000,86000,23866000,227000,5000,2354000,1248000
"Botswana","BWA",2004,42116000,0,1259000,179000,434000,4970000,3209000,445000,26874000,3480000,1258000
"Botswana","BWA",2005,25393000,0,1020000,3070000,55000,2213000,3160000,1406000,1962000,6229000,6275000
"Botswana","BWA",2006,48535000,0,1495000,3257000,839000,3363000,11307000,2915000,2044000,11212000,12100000
"Botswana","BWA",2007,55691000,0,3751000,5206000,681000,6916000,3848000,5135000,3537000,10300000,16307000
"Botswana","BWA",2008,183740000,0,13155000,20680000,1233000,21429000,3514000,18235000,9186000,48119000,48184000
"Botswana","BWA",2009,186276000,0,12287000,16272000,923000,37905000,8295000,15010000,9636000,46880000,39060000
"Botswana","BWA",2010,98011000,0,6280000,8396000,418000,19261000,7670000,7564000,4886000,24940000,18587000
"Botswana","BWA",2011,102310000,0,7581000,8630000,694000,21636000,10006000,6057000,3978000,27814000,15898000
"Botswana","BWA",2012,83967000,0,5400000,6770000,699000,18415000,10003000,5412000,3510000,23708000,10025000
"Botswana","BWA",2013,92206000,0,5487000,7726000,2394000,26799000,7738000,4978000,3675000,25040000,8356000
"Botswana","BWA",2014,67953000,0,3831000,6132000,1131000,25871000,7049000,4333000,1856000,15125000,2605000
"Botswana","BWA",2015,51056000,0,9551000,1000,3734000,11048000,1569000,5841000,99000,8038000,11165000
"Botswana","BWA",2016,58382000,0,22176000,3337000,2168000,2343000,3498000,7169000,47000,5873000,11757000
"Botswana","BWA",2017,53248000,0,10223000,6391000,2277000,2950000,4353000,7537000,479000,4056000,14978000
"Burkina Faso","BFA",2003,13438000,0,106000,48000,247000,219000,10696000,32000,60000,1652000,371000
"Burkina Faso","BFA",2004,17350000,0,297000,326000,60000,980000,12651000,35000,181000,2258000,556000
"Burkina Faso","BFA",2005,20194000,0,467000,241000,86000,964000,15437000,50000,284000,1250000,1403000
"Burkina Faso","BFA",2006,26953000,0,476000,247000,81000,1089000,20300000,298000,316000,1449000,2694000
"Burkina Faso","BFA",2007,29380000,0,755000,420000,910000,2615000,17973000,95000,521000,2906000,3187000
"Burkina Faso","BFA",2008,39322000,0,1288000,945000,1437000,8865000,14863000,224000,1170000,7187000,3331000
"Burkina Faso","BFA",2009,41221000,0,982000,651000,2685000,12119000,14260000,336000,651000,6885000,2638000
"Burkina Faso","BFA",2010,39682000,0,683000,449000,1266000,6989000,23147000,234000,559000,4534000,1811000
"Burkina Faso","BFA",2011,20464000,0,241000,162000,1142000,2393000,9143000,76000,468000,6166000,674000
"Burkina Faso","BFA",2012,28243000,0,1240000,970000,1682000,6379000,4731000,221000,1402000,8493000,3108000
"Burkina Faso","BFA",2013,42082000,0,2422000,1814000,694000,12780000,3156000,425000,2315000,12379000,6089000
"Burkina Faso","BFA",2014,12083000,0,514000,415000,902000,4009000,2115000,89000,477000,2225000,1331000
"Burkina Faso","BFA",2015,16895000,0,1137000,854000,474000,3469000,2641000,198000,1064000,4106000,2941000
"Burkina Faso","BFA",2016,14598000,0,1114000,721000,338000,2936000,3286000,132000,1139000,2747000,2171000
"Burkina Faso","BFA",2017,18779000,0,1438000,815000,234000,3765000,4904000,174000,1105000,3543000,2781000
"Burundi","BDI",2003,6784000,0,49000,19000,28000,325000,4974000,754000,39000,369000,216000
"Burundi","BDI",2004,12928000,0,169000,72000,79000,1588000,7082000,1150000,151000,1897000,726000
"Burundi","BDI",2005,15861000,0,247000,104000,110000,1774000,8530000,1984000,240000,1855000,1013000
"Burundi","BDI",2006,23153000,0,356000,127000,227000,2147000,14485000,1553000,297000,2607000,1345000
"Burundi","BDI",2007,17761000,0,359000,123000,205000,3061000,9533000,868000,233000,2293000,1082000
"Burundi","BDI",2008,22172000,0,646000,281000,1286000,5937000,4663000,1216000,569000,4984000,2564000
"Burundi","BDI",2009,34284000,0,3108000,212000,916000,9082000,5075000,1790000,3018000,6561000,4517000
"Burundi","BDI",2010,18784000,0,1025000,70000,2468000,2198000,6349000,1308000,1012000,2897000,1445000
"Burundi","BDI",2011,27448000,0,2585000,1000,2452000,5441000,6283000,992000,2577000,4532000,2578000
"Burundi","BDI",2012,21679000,0,1901000,942000,960000,4418000,1779000,558000,995000,6618000,3499000
"Burundi","BDI",2013,23890000,0,2342000,987000,1581000,5394000,1363000,824000,1350000,7020000,3015000
"Burundi","BDI",2014,21844000,0,1650000,832000,1358000,4937000,1686000,516000,1557000,6302000,2992000
"Burundi","BDI",2015,21682000,0,1072000,1052000,3282000,4779000,879000,1366000,2186000,4022000,3045000
"Burundi","BDI",2016,22582000,0,1946000,1497000,1433000,6379000,2658000,465000,2905000,2666000,2615000
"Burundi","BDI",2017,39336000,0,6587000,2450000,2372000,5796000,5389000,687000,1764000,4101000,10176000
"Cameroon","CMR",2003,5435000,0,30000,0,14000,116000,3917000,11000,4000,1195000,150000
"Cameroon","CMR",2004,19310000,0,885000,654000,46000,3126000,7051000,188000,801000,4257000,2302000
"Cameroon","CMR",2005,15369000,0,531000,498000,442000,1464000,8249000,94000,510000,2234000,1341000
"Cameroon","CMR",2006,19483000,0,738000,578000,44000,2157000,9906000,135000,7e+05,3190000,2021000
"Cameroon","CMR",2007,41230000,0,2563000,1631000,478000,10564000,8980000,394000,2095000,8675000,5850000
"Cameroon","CMR",2008,24261000,40000,1401000,1048000,183000,4287000,5331000,263000,1544000,6273000,3873000
"Cameroon","CMR",2009,33566000,0,1910000,1431000,770000,6107000,5784000,350000,3031000,7818000,6356000
"Cameroon","CMR",2010,20087000,0,766000,424000,1381000,1757000,6833000,344000,2008000,3240000,3332000
"Cameroon","CMR",2011,17553000,0,1017000,506000,1488000,2149000,6186000,121000,626000,3371000,2075000
"Cameroon","CMR",2012,34729000,0,2933000,1474000,998000,11603000,3465000,1275000,5697000,4439000,2843000
"Cameroon","CMR",2013,50365000,0,4720000,3106000,856000,17752000,3230000,1883000,7828000,6152000,4834000
"Cameroon","CMR",2014,37564000,1000,2033000,1498000,866000,8695000,3452000,1648000,11481000,5473000,2413000
"Cameroon","CMR",2015,40966000,1000,3795000,1614000,1454000,6184000,1692000,679000,6417000,6257000,12869000
"Cameroon","CMR",2016,55951000,0,9627000,2439000,668000,6520000,5434000,786000,2893000,6771000,20809000
"Cameroon","CMR",2017,94505000,0,23904000,3151000,1327000,3617000,5686000,1862000,4803000,8542000,41612000
"Cape Verde","CPV",2003,1638000,0,0,0,0,0,1493000,0,0,140000,1000
"Cape Verde","CPV",2004,4290000,0,0,0,0,14000,4005000,1000,0,268000,1000
"Cape Verde","CPV",2005,2044000,0,0,0,0,0,2037000,0,0,3000,1000
"Cape Verde","CPV",2006,1239000,0,0,0,0,0,1212000,0,0,21000,2000
"Cape Verde","CPV",2007,1469000,0,0,0,0,1000,1460000,0,0,5000,1000
"Cape Verde","CPV",2008,1719000,0,0,0,0,2000,1708000,0,0,6000,0
"Cape Verde","CPV",2009,784000,0,0,0,0,2000,771000,0,0,6000,0
"Cape Verde","CPV",2010,2403000,0,210000,177000,0,640000,112000,102000,118000,702000,324000
"Cape Verde","CPV",2011,2707000,0,246000,210000,0,737000,101000,132000,123000,810000,335000
"Cape Verde","CPV",2012,414000,0,0,24000,0,76000,93000,24000,25000,85000,76000
"Cape Verde","CPV",2013,3374000,0,119000,313000,0,940000,77000,313000,193000,827000,583000
"Cape Verde","CPV",2014,1505000,0,95000,148000,0,444000,96000,148000,53000,350000,160000
"Cape Verde","CPV",2015,1213000,0,39000,54000,0,169000,698000,54000,13000,129000,44000
"Cape Verde","CPV",2016,135000,0,0,0,0,2000,127000,0,0,2000,0
"Cape Verde","CPV",2017,445000,0,7000,1000,0,21000,365000,1000,2000,18000,12000
"Central African Republic","CAF",2003,2198000,0,145000,87000,4000,484000,620000,44000,86000,421000,304000
"Central African Republic","CAF",2004,6396000,0,507000,308000,9000,1800000,818000,161000,299000,1436000,1051000
"Central African Republic","CAF",2005,5708000,0,334000,204000,9000,1124000,2074000,103000,202000,957000,693000
"Central African Republic","CAF",2006,10975000,0,779000,468000,10000,2607000,2603000,244000,456000,2190000,1609000
"Central African Republic","CAF",2007,2623000,0,37000,25000,13000,135000,2137000,10000,23000,150000,83000
"Central African Republic","CAF",2008,19598000,0,1497000,912000,4000,5059000,3436000,472000,887000,4230000,3091000
"Central African Republic","CAF",2009,5045000,0,309000,241000,127000,863000,2037000,53000,239000,679000,485000
"Central African Republic","CAF",2010,10097000,0,965000,962000,573000,1930000,2652000,6000,965000,1062000,971000
"Central African Republic","CAF",2011,8443000,0,591000,358000,5e+05,1996000,1475000,184000,344000,1766000,1214000
"Central African Republic","CAF",2012,5348000,1000,349000,346000,587000,714000,1439000,0,355000,839000,691000
"Central African Republic","CAF",2013,6300000,1000,588000,584000,229000,1184000,686000,0,588000,1248000,1175000
"Central African Republic","CAF",2014,5387000,0,351000,215000,429000,1199000,1100000,112000,211000,1032000,729000
"Central African Republic","CAF",2015,3211000,0,1000,0,268000,10000,2892000,0,1000,37000,0
"Central African Republic","CAF",2016,10263000,0,452000,0,654000,19000,8658000,0,1000,476000,1000
"Central African Republic","CAF",2017,8697000,0,1000,0,7000,12000,8639000,1000,0,28000,4000
"Chad","TCD",2003,4122000,0,4000,0,5000,4000,3526000,1000,0,561000,21000
"Chad","TCD",2004,7446000,0,104000,76000,10000,428000,4968000,19000,96000,1467000,270000
"Chad","TCD",2005,10637000,0,299000,222000,11000,891000,6693000,52000,283000,1408000,764000
"Chad","TCD",2006,8926000,0,302000,224000,12000,914000,3778000,50000,283000,2562000,789000
"Chad","TCD",2007,4841000,0,58000,93000,17000,183000,3103000,7000,51000,1159000,157000
"Chad","TCD",2008,7721000,0,166000,144000,441000,513000,3494000,30000,156000,2339000,425000
"Chad","TCD",2009,10007000,0,349000,274000,1049000,1116000,4271000,62000,327000,1647000,894000
"Chad","TCD",2010,15569000,0,929000,704000,325000,2821000,3855000,164000,861000,3565000,2344000
"Chad","TCD",2011,18536000,0,1024000,768000,173000,3102000,5818000,176000,945000,3933000,2576000
"Chad","TCD",2012,5192000,0,212000,155000,461000,641000,1972000,37000,203000,963000,526000
"Chad","TCD",2013,13202000,0,920000,685000,211000,2780000,1847000,160000,853000,3421000,2312000
"Chad","TCD",2014,11338000,0,816000,606000,687000,2480000,791000,145000,758000,2989000,2055000
"Chad","TCD",2015,7044000,0,510000,377000,311000,1545000,615000,87000,472000,1848000,1279000
"Chad","TCD",2016,9674000,0,885000,452000,84000,2005000,1618000,105000,558000,2277000,1676000
"Chad","TCD",2017,10703000,0,1033000,532000,95000,2348000,1416000,126000,652000,2524000,1972000
"Comoros","COM",2003,43000,0,0,0,0,1000,36000,0,0,2000,2000
"Comoros","COM",2004,632000,0,25000,9000,0,194000,56000,5000,24000,201000,109000
"Comoros","COM",2005,57000,0,0,0,0,0,51000,0,0,3000,1000
"Comoros","COM",2006,340000,0,12000,3000,0,86000,64000,1000,10000,99000,53000
"Comoros","COM",2007,290000,0,7000,1000,0,68000,66000,1000,7000,79000,40000
"Comoros","COM",2008,330000,0,9000,3000,0,90000,45000,1000,9000,103000,54000
"Comoros","COM",2009,168000,0,1000,0,0,20000,68000,0,1000,48000,19000
"Comoros","COM",2010,573000,0,1000,39000,0,216000,38000,6000,1000,164000,96000
"Comoros","COM",2011,1136000,0,0,95000,0,478000,46000,0,0,323000,188000
"Comoros","COM",2012,878000,0,0,74000,0,372000,39000,0,0,245000,146000
"Comoros","COM",2013,490000,0,0,34000,0,173000,67000,0,0,146000,69000
"Comoros","COM",2014,931000,0,0,50000,0,256000,60000,0,0,188000,372000
"Comoros","COM",2015,393000,0,0,29000,0,146000,18000,0,0,90000,97000
"Comoros","COM",2016,1499000,0,55000,24000,9000,442000,196000,14000,54000,446000,239000
"Comoros","COM",2017,9e+05,0,35000,13000,5000,267000,115000,8000,31000,271000,146000
"Congo","COG",2003,756000,0,3000,0,1000,2000,703000,1000,0,34000,12000
"Congo","COG",2004,1701000,0,3000,0,3000,62000,1598000,1000,0,21000,11000
"Congo","COG",2005,1963000,0,5000,1000,3000,1000,1893000,0,3000,47000,9000
"Congo","COG",2006,6447000,0,433000,261000,56000,1452000,1713000,138000,255000,1232000,905000
"Congo","COG",2007,4355000,0,192000,117000,4000,651000,2150000,60000,113000,626000,427000
"Congo","COG",2008,7244000,0,540000,362000,1000,731000,1686000,179000,363000,1919000,1452000
"Congo","COG",2009,4830000,0,405000,268000,3000,552000,699000,137000,268000,1411000,1082000
"Congo","COG",2010,10369000,0,958000,633000,12000,1277000,755000,317000,633000,3227000,2544000
"Congo","COG",2011,10427000,0,1062000,828000,9000,1843000,664000,237000,472000,3103000,2202000
"Congo","COG",2012,4162000,0,469000,449000,10000,1005000,588000,16000,35000,1046000,536000
"Congo","COG",2013,7393000,0,761000,584000,9000,2130000,345000,139000,264000,1913000,1228000
"Congo","COG",2014,3440000,0,280000,171000,3000,948000,375000,88000,172000,817000,579000
"Congo","COG",2015,3612000,0,306000,185000,4000,1032000,288000,96000,182000,878000,635000
"Congo","COG",2016,5178000,0,438000,51000,76000,591000,1927000,25000,348000,1263000,439000
"Congo","COG",2017,8609000,0,1089000,0,64000,623000,2543000,0,717000,2579000,990000
"Cote d'Ivoire","CIV",2003,18150000,0,259000,148000,44000,1228000,13588000,246000,186000,1476000,970000
"Cote d'Ivoire","CIV",2004,26539000,0,653000,439000,118000,3175000,4422000,205000,13019000,2615000,1898000
"Cote d'Ivoire","CIV",2005,33579000,0,1894000,2413000,104000,4633000,2216000,1004000,2266000,9340000,9706000
"Cote d'Ivoire","CIV",2006,39666000,0,1638000,2309000,112000,5082000,2721000,2265000,2084000,9725000,13720000
"Cote d'Ivoire","CIV",2007,58482000,0,2221000,4209000,1482000,7018000,11585000,3828000,2414000,8036000,17680000
"Cote d'Ivoire","CIV",2008,100291000,0,4929000,5317000,448000,15185000,12449000,7903000,4566000,15751000,33733000
"Cote d'Ivoire","CIV",2009,68359000,0,4399000,3804000,936000,15189000,1629000,5709000,3659000,12968000,20057000
"Cote d'Ivoire","CIV",2010,95419000,0,6030000,5143000,1513000,20376000,5380000,7234000,5021000,18196000,26515000
"Cote d'Ivoire","CIV",2011,79913000,0,8389000,5359000,2201000,11561000,839000,6345000,5366000,15678000,24175000
"Cote d'Ivoire","CIV",2012,84179000,0,9975000,5084000,2308000,6083000,1865000,7157000,6177000,12602000,32915000
"Cote d'Ivoire","CIV",2013,91549000,0,6603000,5235000,3794000,18371000,1322000,5871000,6023000,12633000,31688000
"Cote d'Ivoire","CIV",2014,119634000,0,11067000,7281000,1693000,20596000,2758000,9028000,10201000,15051000,41953000
"Cote d'Ivoire","CIV",2015,70253000,0,8539000,3090000,1961000,12435000,1681000,4770000,3575000,7969000,26225000
"Cote d'Ivoire","CIV",2016,119555000,0,15034000,3030000,6524000,21380000,3240000,8777000,3720000,14015000,43831000
"Cote d'Ivoire","CIV",2017,146816000,0,13378000,9305000,5616000,22363000,3682000,11843000,5525000,14387000,60703000
"Democratic Republic of the Congo","COD",2003,24760000,0,54000,27000,1154000,329000,21873000,49000,5000,950000,319000
"Democratic Republic of the Congo","COD",2004,25340000,0,1285000,236000,2819000,2943000,13429000,175000,223000,3267000,966000
"Democratic Republic of the Congo","COD",2005,44019000,0,2163000,1277000,610000,7295000,18832000,669000,1327000,6716000,5127000
"Democratic Republic of the Congo","COD",2006,45005000,0,1517000,1167000,2449000,6819000,22792000,478000,938000,5049000,3788000
"Democratic Republic of the Congo","COD",2007,47823000,0,2285000,3130000,2563000,8885000,13620000,1524000,1604000,9369000,4828000
"Democratic Republic of the Congo","COD",2008,75746000,347000,5587000,4465000,103000,20705000,11614000,3189000,3415000,16487000,9815000
"Democratic Republic of the Congo","COD",2009,82783000,344000,5249000,3645000,2604000,20635000,21079000,2349000,3128000,15022000,8715000
"Democratic Republic of the Congo","COD",2010,89495000,343000,5816000,4556000,3446000,18995000,25421000,3146000,3599000,16466000,7709000
"Democratic Republic of the Congo","COD",2011,82932000,258000,6029000,4267000,1142000,17147000,16182000,5076000,5644000,18472000,8711000
"Democratic Republic of the Congo","COD",2012,134994000,163000,13886000,8700000,1484000,35721000,8627000,6299000,9173000,34165000,16768000
"Democratic Republic of the Congo","COD",2013,112196000,189000,12136000,9862000,2080000,27309000,10892000,7598000,7631000,22795000,11690000
"Democratic Republic of the Congo","COD",2014,69921000,29000,8602000,2793000,2206000,17061000,7541000,3829000,11106000,9532000,7210000
"Democratic Republic of the Congo","COD",2015,79666000,109000,11987000,3526000,2126000,17175000,4038000,4178000,7231000,14088000,15212000
"Democratic Republic of the Congo","COD",2016,112996000,3000,15770000,6422000,2443000,23029000,7267000,5833000,6676000,19607000,25939000
"Democratic Republic of the Congo","COD",2017,135682000,141000,15215000,7547000,2922000,28615000,7813000,3108000,6448000,23772000,40095000
"Equatorial Guinea","GNQ",2003,125000,0,0,0,1000,0,20000,0,0,102000,1000
"Equatorial Guinea","GNQ",2004,173000,0,0,0,2000,5000,165000,0,0,0,1000
"Equatorial Guinea","GNQ",2005,3465000,0,248000,150000,2000,836000,801000,78000,143000,689000,510000
"Equatorial Guinea","GNQ",2006,2127000,0,106000,63000,857000,354000,131000,32000,62000,296000,216000
"Equatorial Guinea","GNQ",2015,110000,0,0,0,2000,0,102000,0,0,0,0
"Equatorial Guinea","GNQ",2016,82000,0,0,0,2000,0,77000,0,0,0,0
"Equatorial Guinea","GNQ",2017,43000,0,0,0,1000,0,41000,0,0,0,0
"Eritrea","ERI",2003,6322000,0,3000,0,75000,11000,5915000,13000,0,273000,30000
"Eritrea","ERI",2004,15961000,0,198000,92000,38000,1812000,10331000,153000,288000,2182000,864000
"Eritrea","ERI",2005,17269000,0,170000,77000,29000,1289000,13426000,41000,167000,1339000,724000
"Eritrea","ERI",2006,11973000,0,239000,110000,45000,1873000,5193000,186000,356000,2902000,1065000
"Eritrea","ERI",2007,10134000,0,249000,113000,170000,1968000,3894000,65000,244000,2329000,1084000
"Eritrea","ERI",2008,18048000,0,764000,228000,81000,3927000,3579000,403000,751000,6155000,2145000
"Eritrea","ERI",2009,18243000,0,760000,270000,152000,4629000,2772000,336000,840000,5973000,2510000
"Eritrea","ERI",2010,22624000,0,933000,420000,135000,6125000,3024000,362000,974000,7320000,3307000
"Eritrea","ERI",2011,9482000,0,425000,156000,15000,2566000,586000,173000,442000,3583000,1512000
"Eritrea","ERI",2012,20851000,0,850000,379000,64000,6317000,1664000,232000,834000,6846000,3650000
"Eritrea","ERI",2013,13096000,0,529000,236000,43000,3932000,1140000,143000,517000,4277000,2269000
"Eritrea","ERI",2014,21347000,1000,920000,404000,3000,6615000,761000,259000,903000,7479000,3992000
"Eritrea","ERI",2015,3943000,0,155000,68000,2000,1132000,377000,42000,151000,1332000,673000
"Eritrea","ERI",2016,10009000,0,371000,170000,65000,2933000,1502000,98000,359000,2924000,1579000
"Eritrea","ERI",2017,16300000,0,308000,142000,53000,7875000,1088000,78000,298000,2421000,4036000
"Ethiopia","ETH",2003,67337000,1000,199000,2926000,455000,8146000,33373000,241000,2695000,12718000,6573000
"Ethiopia","ETH",2004,84477000,0,416000,498000,1704000,5169000,25086000,256000,46007000,3171000,2173000
"Ethiopia","ETH",2005,153818000,0,6265000,3220000,11440000,18463000,50566000,3485000,4503000,26325000,29539000
"Ethiopia","ETH",2006,193277000,0,4909000,4273000,25826000,22071000,55514000,6812000,4697000,29709000,39466000
"Ethiopia","ETH",2007,301296000,0,8518000,6632000,28277000,25956000,146314000,9157000,5101000,31890000,39442000
"Ethiopia","ETH",2008,342944000,8000,18695000,9437000,16917000,69496000,30255000,18410000,13780000,78483000,87448000
"Ethiopia","ETH",2009,201376000,41000,17671000,6750000,6086000,35593000,19101000,18089000,9791000,33021000,55233000
"Ethiopia","ETH",2010,531955000,1081000,36161000,13101000,14027000,127810000,18824000,29873000,21395000,143490000,126192000
"Ethiopia","ETH",2011,433844000,444000,35252000,9230000,11870000,90068000,25464000,26099000,17973000,121829000,95606000
"Ethiopia","ETH",2012,318740000,420000,29520000,7956000,16162000,67620000,9082000,23858000,19935000,74952000,69221000
"Ethiopia","ETH",2013,383709000,179000,17588000,7040000,19738000,105192000,5920000,12483000,14004000,105537000,96036000
"Ethiopia","ETH",2014,289298000,490000,24257000,6272000,9254000,68302000,7292000,20243000,16266000,72466000,64454000
"Ethiopia","ETH",2015,253791000,370000,17144000,4590000,8413000,66240000,8e+06,11851000,9985000,46016000,81176000
"Ethiopia","ETH",2016,274817000,236000,22655000,9085000,5188000,60513000,16867000,12258000,10177000,51389000,86448000
"Ethiopia","ETH",2017,241252000,78000,24030000,7478000,6564000,50175000,11805000,13524000,8854000,40939000,77811000
"Gabon","GAB",2003,43000,0,1000,0,0,1000,32000,0,0,6000,3000
"Gabon","GAB",2004,1385000,0,118000,71000,0,435000,68000,35000,68000,336000,244000
"Gabon","GAB",2005,257000,0,19000,11000,0,64000,43000,3000,12000,59000,39000
"Gabon","GAB",2006,2080000,0,166000,98000,0,558000,290000,50000,96000,471000,343000
"Gabon","GAB",2007,3251000,0,270000,162000,0,908000,264000,85000,159000,820000,584000
"Gabon","GAB",2008,2258000,0,2e+05,121000,0,682000,81000,64000,114000,572000,411000
"Gabon","GAB",2009,3541000,0,491000,0,1000,993000,152000,162000,328000,727000,679000
"Gabon","GAB",2010,1881000,0,232000,0,121000,463000,183000,79000,153000,328000,311000
"Gabon","GAB",2011,1674000,0,155000,0,210000,309000,235000,51000,101000,397000,205000
"Gabon","GAB",2012,875000,0,0,0,1000,4000,558000,0,2000,171000,135000
"Gabon","GAB",2013,1372000,0,75000,44000,1000,251000,356000,23000,43000,419000,153000
"Gabon","GAB",2014,588000,0,0,0,0,2000,361000,0,0,218000,0
"Gabon","GAB",2015,90000,0,0,0,0,2000,74000,0,0,10000,0
"Gabon","GAB",2016,146000,0,1000,0,0,5000,108000,0,0,32000,0
"Gabon","GAB",2017,360000,0,0,0,0,5000,201000,0,0,150000,0
"Ghana","GHA",2003,19685000,0,287000,94000,46000,432000,17665000,27000,121000,579000,437000
"Ghana","GHA",2004,47384000,0,509000,121000,189000,1226000,43907000,32000,144000,724000,525000
"Ghana","GHA",2005,46583000,0,664000,325000,103000,2253000,39006000,74000,424000,1674000,2055000
"Ghana","GHA",2006,46650000,0,1314000,964000,60000,3868000,30798000,217000,1184000,4670000,3564000
"Ghana","GHA",2007,55865000,0,3529000,2586000,456000,8204000,18343000,575000,2311000,12042000,7818000
"Ghana","GHA",2008,45247000,1000,7642000,3232000,205000,8295000,8842000,98000,2818000,3996000,10103000
"Ghana","GHA",2009,67741000,49000,7812000,7912000,4e+05,7516000,7946000,298000,6167000,14847000,14772000
"Ghana","GHA",2010,40298000,132000,8563000,3756000,699000,2996000,4100000,462000,3097000,4875000,11602000
"Ghana","GHA",2011,64799000,65000,2799000,4375000,1515000,15469000,5231000,484000,3617000,22795000,8451000
"Ghana","GHA",2012,52092000,56000,2416000,2839000,1133000,9800000,3551000,1035000,3257000,22284000,5710000
"Ghana","GHA",2013,65093000,52000,1431000,3866000,1215000,9157000,3423000,523000,3594000,35111000,6708000
"Ghana","GHA",2014,27831000,5000,1073000,1159000,2484000,5679000,4404000,3000,584000,10978000,1447000
"Ghana","GHA",2015,38941000,6000,3269000,2313000,630000,9232000,4173000,442000,2340000,10173000,6356000
"Ghana","GHA",2016,34036000,0,3834000,2012000,957000,8708000,3638000,311000,1626000,7884000,5060000
"Ghana","GHA",2017,60276000,0,6427000,3051000,1454000,16184000,5462000,559000,2934000,13873000,10316000
"Guinea","GIN",2003,11354000,0,47000,45000,7000,143000,10495000,8000,40000,424000,137000
"Guinea","GIN",2004,13163000,0,112000,80000,16000,520000,10806000,22000,1e+05,1207000,291000
"Guinea","GIN",2005,10868000,0,237000,174000,17000,878000,7808000,39000,220000,880000,611000
"Guinea","GIN",2006,11292000,0,6000,7000,18000,14000,11094000,1000,9000,85000,47000
"Guinea","GIN",2007,8586000,0,134000,102000,29000,443000,6777000,36000,125000,560000,369000
"Guinea","GIN",2008,8513000,0,101000,78000,139000,2805000,4091000,449000,1e+05,458000,276000
"Guinea","GIN",2009,8467000,0,123000,104000,77000,4961000,1427000,797000,112000,518000,333000
"Guinea","GIN",2010,8440000,0,133000,187000,213000,4403000,2125000,108000,186000,576000,487000
"Guinea","GIN",2011,11379000,0,367000,728000,944000,2691000,2497000,362000,724000,1597000,1449000
"Guinea","GIN",2012,5961000,0,75000,93000,745000,1045000,3214000,69000,108000,418000,182000
"Guinea","GIN",2013,13868000,1000,702000,609000,666000,4381000,2499000,91000,1224000,1860000,1823000
"Guinea","GIN",2014,12164000,0,722000,639000,266000,2280000,2355000,75000,1436000,2004000,2364000
"Guinea","GIN",2015,13880000,1000,991000,746000,203000,3104000,918000,171000,1055000,3818000,2868000
"Guinea","GIN",2016,27822000,0,2396000,1257000,1859000,5757000,2487000,288000,1596000,6727000,5449000
"Guinea","GIN",2017,15082000,0,1274000,661000,154000,3374000,2503000,150000,830000,3116000,3008000
"Guinea-Bissau","GNB",2003,895000,0,2000,0,1000,1000,864000,1000,0,17000,9000
"Guinea-Bissau","GNB",2004,855000,0,13000,7000,3000,84000,617000,2000,9000,58000,39000
"Guinea-Bissau","GNB",2005,1463000,0,4000,1000,105000,1000,1117000,0,3000,225000,7000
"Guinea-Bissau","GNB",2006,1905000,0,80000,56000,4000,243000,912000,13000,78000,302000,213000
"Guinea-Bissau","GNB",2007,2588000,0,120000,1000,625000,124000,1200000,0,120000,266000,124000
"Guinea-Bissau","GNB",2008,2230000,0,64000,138000,111000,138000,1140000,48000,65000,284000,242000
"Guinea-Bissau","GNB",2009,6707000,0,454000,469000,54000,1529000,609000,79000,566000,1680000,1253000
"Guinea-Bissau","GNB",2010,7886000,0,588000,531000,133000,1772000,342000,108000,542000,2129000,1727000
"Guinea-Bissau","GNB",2011,5168000,0,529000,392000,60000,730000,213000,168000,335000,1875000,855000
"Guinea-Bissau","GNB",2012,1975000,0,201000,128000,10000,258000,216000,61000,134000,7e+05,253000
"Guinea-Bissau","GNB",2013,14802000,17000,1667000,1112000,9000,2243000,268000,554000,1116000,5593000,2220000
"Guinea-Bissau","GNB",2014,2511000,1000,2e+05,0,15000,410000,535000,0,14000,885000,439000
"Guinea-Bissau","GNB",2015,5088000,0,446000,117000,2000,899000,697000,0,7000,1888000,1021000
"Guinea-Bissau","GNB",2016,4142000,0,389000,203000,145000,889000,504000,47000,248000,919000,785000
"Guinea-Bissau","GNB",2017,4816000,0,438000,224000,118000,980000,862000,54000,267000,1014000,844000
"Kenya","KEN",2003,102558000,0,748000,271000,762000,3241000,82259000,603000,406000,10177000,4090000
"Kenya","KEN",2004,158779000,0,1650000,1128000,1895000,13825000,110728000,871000,1296000,19518000,7864000
"Kenya","KEN",2005,119965000,0,7687000,6264000,1225000,8241000,33277000,3353000,6544000,22487000,30882000
"Kenya","KEN",2006,200778000,0,8831000,7832000,2572000,12646000,39826000,10365000,8090000,32475000,78145000
"Kenya","KEN",2007,242791000,0,13277000,10617000,3554000,26220000,37412000,15714000,12561000,43677000,79759000
"Kenya","KEN",2008,322958000,14000,22277000,16283000,5314000,30484000,42985000,23247000,15401000,55920000,111029000
"Kenya","KEN",2009,351891000,344000,27264000,21292000,10507000,43275000,30284000,27217000,17631000,64005000,110069000
"Kenya","KEN",2010,455401000,407000,34054000,28598000,16474000,58864000,30944000,35382000,23363000,81309000,145992000
"Kenya","KEN",2011,499695000,1956000,38942000,28906000,25782000,59441000,35381000,40086000,25539000,86328000,157320000
"Kenya","KEN",2012,611585000,273000,46720000,33442000,45508000,80436000,34593000,47089000,31849000,115601000,176052000
"Kenya","KEN",2013,647393000,751000,61849000,52380000,48021000,92118000,22634000,49884000,51004000,129044000,139689000
"Kenya","KEN",2014,540873000,143000,28775000,34726000,28673000,78529000,15748000,39299000,46422000,106036000,162510000
"Kenya","KEN",2015,490332000,71000,52959000,27035000,24974000,69878000,14899000,31925000,29301000,76283000,163006000
"Kenya","KEN",2016,465425000,8000,41932000,24219000,26231000,61219000,26945000,23977000,23648000,61057000,176187000
"Kenya","KEN",2017,462283000,2000,42985000,23890000,15057000,63855000,22036000,24792000,21163000,64935000,183558000
"Lesotho","LSO",2003,5828000,0,273000,31000,53000,1019000,2656000,375000,67000,1019000,328000
"Lesotho","LSO",2004,8461000,0,532000,77000,115000,2389000,2895000,142000,158000,1591000,560000
"Lesotho","LSO",2005,11274000,0,581000,95000,351000,1735000,5456000,398000,204000,1698000,746000
"Lesotho","LSO",2006,14236000,0,769000,108000,497000,2216000,7033000,157000,242000,2206000,1004000
"Lesotho","LSO",2007,23129000,0,1468000,1244000,731000,3879000,9051000,951000,617000,3872000,1297000
"Lesotho","LSO",2008,39722000,1000,3125000,1982000,745000,11248000,10311000,564000,1767000,7313000,2666000
"Lesotho","LSO",2009,33378000,3000,2778000,2372000,4540000,10076000,1565000,1040000,2023000,6441000,2524000
"Lesotho","LSO",2010,54244000,194000,3946000,3657000,3671000,14341000,4101000,2230000,3687000,12951000,5460000
"Lesotho","LSO",2011,62975000,282000,5011000,2725000,4420000,19725000,4166000,2752000,1648000,16614000,5619000
"Lesotho","LSO",2012,69151000,75000,7659000,4572000,4253000,22298000,1073000,3816000,4657000,15544000,5185000
"Lesotho","LSO",2013,60044000,10000,2943000,7416000,1691000,14392000,647000,5130000,1775000,22733000,3291000
"Lesotho","LSO",2014,48302000,8000,3194000,4205000,4008000,12045000,674000,2873000,4012000,13062000,4211000
"Lesotho","LSO",2015,43837000,10000,5724000,1397000,3333000,8607000,537000,2454000,2231000,10353000,9162000
"Lesotho","LSO",2016,54186000,0,6508000,1559000,4797000,5533000,4700000,3596000,2544000,5748000,19188000
"Lesotho","LSO",2017,78538000,0,5887000,5200000,4063000,3665000,12700000,5177000,1507000,1901000,38422000
"Liberia","LBR",2003,879000,0,4000,59000,11000,7000,682000,4000,0,89000,23000
"Liberia","LBR",2004,2751000,0,141000,124000,22000,639000,759000,28000,131000,534000,363000
"Liberia","LBR",2005,6352000,0,384000,310000,26000,1147000,1553000,68000,366000,1528000,967000
"Liberia","LBR",2006,5582000,0,276000,205000,26000,838000,2190000,48000,264000,1006000,722000
"Liberia","LBR",2007,9675000,0,447000,371000,45000,2167000,1774000,338000,411000,2159000,1945000
"Liberia","LBR",2008,11472000,0,712000,442000,386000,2549000,1501000,463000,487000,2437000,2479000
"Liberia","LBR",2009,14598000,0,887000,608000,852000,3526000,1231000,856000,638000,3029000,2958000
"Liberia","LBR",2010,17568000,19000,1166000,27000,520000,5817000,1124000,443000,695000,4659000,3092000
"Liberia","LBR",2011,19094000,32000,1595000,29000,465000,6142000,1082000,518000,791000,4800000,3633000
"Liberia","LBR",2012,15929000,16000,857000,67000,702000,5030000,2328000,683000,555000,3428000,2252000
"Liberia","LBR",2013,20096000,29000,1295000,48000,557000,5336000,3506000,628000,8e+05,4559000,3332000
"Liberia","LBR",2014,7815000,1000,351000,56000,446000,2154000,1806000,304000,238000,1479000,968000
"Liberia","LBR",2015,10124000,1000,885000,47000,824000,3953000,344000,162000,322000,1973000,1611000
"Liberia","LBR",2016,13017000,0,247000,3000,1909000,970000,7401000,1000,2000,2235000,232000
"Liberia","LBR",2017,11616000,0,3000,0,1322000,2665000,7041000,1000,0,529000,53000
"Madagascar","MDG",2003,5591000,0,95000,38000,2000,673000,2051000,24000,89000,2188000,417000
"Madagascar","MDG",2004,18606000,0,506000,219000,6000,3745000,5335000,143000,486000,5947000,2209000
"Madagascar","MDG",2005,7197000,0,138000,61000,6000,1003000,3007000,35000,132000,2174000,614000
"Madagascar","MDG",2006,12454000,0,204000,91000,6000,1457000,6699000,56000,199000,2832000,902000
"Madagascar","MDG",2007,13096000,0,234000,104000,5000,1712000,6836000,84000,230000,2823000,1045000
"Madagascar","MDG",2008,6393000,0,6000,1000,2000,675000,3724000,606000,10000,1306000,38000
"Madagascar","MDG",2009,8916000,1000,210000,92000,5000,1858000,3112000,386000,204000,2119000,916000
"Madagascar","MDG",2010,10418000,45000,213000,93000,503000,1986000,3847000,76000,213000,2478000,945000
"Madagascar","MDG",2011,7205000,47000,44000,17000,204000,510000,4876000,12000,42000,1229000,194000
"Madagascar","MDG",2012,6750000,32000,112000,49000,217000,1011000,3374000,42000,124000,1290000,492000
"Madagascar","MDG",2013,6706000,53000,153000,63000,235000,1058000,2462000,45000,138000,1832000,661000
"Madagascar","MDG",2014,4218000,3000,130000,55000,311000,1121000,574000,34000,126000,1248000,599000
"Madagascar","MDG",2015,3100000,4000,115000,49000,61000,865000,325000,32000,115000,1e+06,510000
"Madagascar","MDG",2016,6880000,0,123000,56000,91000,1766000,1413000,29000,121000,2712000,551000
"Madagascar","MDG",2017,7485000,0,104000,47000,48000,1760000,1432000,26000,98000,3512000,447000
"Malawi","MWI",2003,31470000,0,378000,553000,1482000,1655000,24037000,613000,38000,2203000,498000
"Malawi","MWI",2004,78403000,0,1591000,941000,1760000,13384000,39687000,733000,1300000,12799000,6209000
"Malawi","MWI",2005,72906000,0,838000,380000,926000,6397000,50933000,237000,869000,8275000,4041000
"Malawi","MWI",2006,107052000,0,3933000,4936000,7175000,14486000,38174000,3653000,3817000,24735000,6132000
"Malawi","MWI",2007,202323000,12000,5442000,5267000,21345000,57726000,47812000,2992000,6176000,41026000,14515000
"Malawi","MWI",2008,197255000,18000,4583000,3888000,28638000,58056000,42487000,3265000,4876000,35430000,16004000
"Malawi","MWI",2009,176748000,228000,4525000,3124000,24702000,58486000,27324000,2846000,4327000,35496000,15677000
"Malawi","MWI",2010,139873000,220000,5067000,4090000,13882000,38236000,21047000,3996000,4762000,34269000,14292000
"Malawi","MWI",2011,153001000,62000,6192000,5167000,12448000,41285000,15474000,5251000,16988000,35413000,14719000
"Malawi","MWI",2012,172089000,74000,4748000,4857000,11698000,33873000,57796000,5749000,15695000,27969000,9624000
"Malawi","MWI",2013,168825000,170000,4339000,10631000,13939000,32134000,23635000,5540000,21450000,39196000,17779000
"Malawi","MWI",2014,171976000,12000,7862000,6163000,6816000,43507000,8147000,6658000,18743000,45890000,28162000
"Malawi","MWI",2015,173489000,13000,12328000,4e+06,8476000,41743000,10427000,4711000,8076000,45331000,38375000
"Malawi","MWI",2016,171904000,0,8642000,5989000,7541000,23594000,53910000,4987000,6335000,17938000,42967000
"Malawi","MWI",2017,212603000,0,12767000,4267000,10369000,12065000,92754000,7365000,4433000,6750000,61817000
"Mali","MLI",2003,7560000,0,42000,11000,216000,15000,7158000,6000,1000,49000,61000
"Mali","MLI",2004,15857000,0,123000,0,373000,457000,14783000,6000,0,63000,48000
"Mali","MLI",2005,19299000,0,332000,116000,1446000,1398000,14797000,28000,153000,605000,419000
"Mali","MLI",2006,21674000,0,213000,156000,3397000,1310000,14788000,36000,193000,996000,578000
"Mali","MLI",2007,31593000,0,1206000,846000,3650000,3628000,11945000,965000,1050000,5333000,2965000
"Mali","MLI",2008,30957000,0,1273000,1121000,1030000,5013000,11706000,1341000,1331000,4843000,3292000
"Mali","MLI",2009,27636000,1000,1244000,1086000,2233000,6385000,5996000,1554000,1218000,4572000,3335000
"Mali","MLI",2010,17910000,38000,647000,671000,2661000,2473000,6726000,301000,461000,2382000,1538000
"Mali","MLI",2011,21391000,88000,772000,296000,3876000,4752000,7367000,433000,215000,2187000,1398000
"Mali","MLI",2012,35971000,23000,1296000,841000,1013000,18707000,5608000,369000,904000,4300000,2896000
"Mali","MLI",2013,12663000,22000,253000,184000,1809000,3710000,5309000,51000,124000,770000,422000
"Mali","MLI",2014,34170000,3000,1357000,866000,980000,17610000,4650000,348000,1146000,4388000,2817000
"Mali","MLI",2015,21644000,3000,878000,370000,1521000,10459000,3247000,502000,415000,2724000,1516000
"Mali","MLI",2016,26287000,0,3924000,273000,833000,3755000,10540000,217000,383000,2113000,4251000
"Mali","MLI",2017,29063000,0,5808000,43000,1077000,5009000,8239000,279000,276000,2194000,6113000
"Mauritania","MRT",2003,71000,0,1000,0,0,0,63000,0,0,3000,3000
"Mauritania","MRT",2004,687000,0,1000,0,0,16000,660000,0,0,3000,3000
"Mauritania","MRT",2005,529000,0,1000,0,0,0,518000,0,1000,3000,2000
"Mauritania","MRT",2006,2327000,0,126000,95000,0,386000,768000,21000,121000,469000,332000
"Mauritania","MRT",2007,1018000,0,0,2000,0,1000,952000,0,5000,39000,7000
"Mauritania","MRT",2008,4633000,0,337000,254000,0,1028000,573000,60000,317000,1197000,858000
"Mauritania","MRT",2009,462000,0,35000,18000,2000,83000,129000,1000,20000,92000,68000
"Mauritania","MRT",2010,156000,0,0,0,3000,1000,108000,6000,1000,25000,6000
"Mauritania","MRT",2011,540000,0,12000,0,37000,2000,418000,0,0,65000,1000
"Mauritania","MRT",2012,1055000,0,74000,54000,3000,221000,160000,12000,68000,265000,183000
"Mauritania","MRT",2013,2465000,0,188000,140000,1000,567000,176000,34000,175000,704000,474000
"Mauritania","MRT",2014,928000,0,62000,47000,0,193000,153000,9000,59000,228000,163000
"Mauritania","MRT",2015,1103000,0,86000,64000,0,259000,80000,13000,79000,303000,215000
"Mauritania","MRT",2016,2171000,0,374000,4000,7000,383000,7e+05,0,46000,260000,377000
"Mauritania","MRT",2017,406000,0,75000,0,12000,49000,118000,0,7000,55000,75000
"Mauritius","MUS",2003,31000,0,0,0,0,1000,23000,0,0,4000,3000
"Mauritius","MUS",2004,65000,0,0,0,0,26000,31000,0,0,3000,2000
"Mauritius","MUS",2005,42000,0,0,0,0,1000,31000,0,0,5000,2000
"Mauritius","MUS",2006,455000,0,0,0,0,2000,440000,0,0,7000,3000
"Mauritius","MUS",2007,1044000,0,0,0,0,1000,1029000,0,0,8000,1000
"Mauritius","MUS",2008,45000,0,0,0,0,3000,26000,0,0,11000,1000
"Mauritius","MUS",2009,965000,0,24000,65000,0,366000,32000,1000,25000,293000,149000
"Mauritius","MUS",2010,2568000,0,67000,179000,0,991000,50000,10000,72000,783000,408000
"Mauritius","MUS",2011,1787000,0,80000,110000,0,631000,45000,5000,47000,569000,299000
"Mauritius","MUS",2012,2215000,0,58000,149000,0,840000,60000,9000,60000,681000,352000
"Mauritius","MUS",2013,2127000,0,57000,140000,0,802000,63000,8000,59000,653000,337000
"Mauritius","MUS",2014,2095000,0,82000,138000,0,760000,50000,7000,55000,656000,343000
"Mauritius","MUS",2015,418000,0,10000,26000,0,153000,21000,0,10000,130000,64000
"Mauritius","MUS",2016,936000,0,93000,41000,1000,216000,98000,1000,14000,297000,165000
"Mauritius","MUS",2017,2438000,0,328000,84000,4000,450000,158000,3000,29000,903000,469000
"Mayotte","MYT",2003,0,0,0,0,0,0,0,0,0,0,0
"Mayotte","MYT",2004,0,0,0,0,0,0,0,0,0,0,0
"Mayotte","MYT",2005,0,0,0,0,0,0,0,0,0,0,0
"Mayotte","MYT",2006,0,0,0,0,0,0,0,0,0,0,0
"Mayotte","MYT",2007,0,0,0,0,0,0,0,0,0,0,0
"Mayotte","MYT",2008,0,0,0,0,0,0,0,0,0,0,0
"Mayotte","MYT",2009,477000,0,0,0,0,0,477000,0,0,0,0
"Mayotte","MYT",2010,678000,0,0,0,0,0,678000,0,0,0,0
"Mozambique","MOZ",2003,31795000,0,176000,0,1334000,175000,25814000,271000,21000,2723000,1281000
"Mozambique","MOZ",2004,111195000,0,795000,333000,3587000,8545000,38661000,817000,47331000,7518000,3589000
"Mozambique","MOZ",2005,100323000,0,5404000,3085000,4748000,8110000,43648000,4599000,4944000,13366000,12416000
"Mozambique","MOZ",2006,142413000,0,6273000,3520000,5599000,20503000,43695000,6356000,5577000,25647000,25227000
"Mozambique","MOZ",2007,214379000,0,8938000,4780000,9996000,36686000,57306000,10751000,9863000,37508000,38563000
"Mozambique","MOZ",2008,243681000,2000,11616000,7213000,7190000,49748000,25441000,13850000,13217000,41773000,73614000
"Mozambique","MOZ",2009,228964000,269000,10338000,6062000,8242000,84814000,19060000,12578000,14780000,28434000,44368000
"Mozambique","MOZ",2010,320629000,243000,14741000,8764000,21280000,102123000,16624000,15060000,20715000,52661000,68424000
"Mozambique","MOZ",2011,300046000,239000,16433000,9826000,24975000,78712000,25829000,15952000,35470000,41882000,50715000
"Mozambique","MOZ",2012,321820000,99000,19591000,11776000,33516000,79603000,14368000,16869000,29349000,57105000,59536000
"Mozambique","MOZ",2013,287922000,93000,16114000,15178000,30126000,48267000,8890000,14755000,27883000,33099000,93502000
"Mozambique","MOZ",2014,347398000,23000,31113000,11505000,27377000,58225000,11243000,21828000,27521000,57985000,100579000
"Mozambique","MOZ",2015,311657000,58000,24377000,8739000,23151000,40347000,23124000,17652000,23369000,50978000,99860000
"Mozambique","MOZ",2016,364588000,130000,30955000,12585000,18261000,56169000,32035000,16632000,17164000,57085000,123559000
"Mozambique","MOZ",2017,414119000,17000,36739000,18611000,14130000,57002000,16743000,8772000,19166000,61416000,181520000
"Namibia","NAM",2003,16913000,0,165000,3000,82000,38000,14047000,98000,5000,2156000,318000
"Namibia","NAM",2004,36193000,0,278000,30000,1536000,1686000,6484000,193000,23121000,2427000,429000
"Namibia","NAM",2005,39203000,0,3143000,3719000,1390000,5112000,6144000,1850000,1959000,8617000,7265000
"Namibia","NAM",2006,85630000,264000,7830000,6022000,1665000,14282000,5450000,5861000,3669000,20459000,20131000
"Namibia","NAM",2007,103464000,0,9286000,7347000,4305000,16944000,7477000,6951000,4200000,22803000,24152000
"Namibia","NAM",2008,80746000,11000,7985000,5499000,1422000,11694000,7356000,5782000,3751000,17651000,19592000
"Namibia","NAM",2009,125611000,236000,13117000,9789000,1974000,27365000,7664000,8946000,4909000,28193000,23421000
"Namibia","NAM",2010,146303000,2057000,15215000,11919000,8351000,30151000,4005000,10729000,5736000,31132000,27009000
"Namibia","NAM",2011,103082000,158000,10198000,7406000,6079000,17513000,4871000,8459000,5064000,21639000,21683000
"Namibia","NAM",2012,135330000,62000,14492000,8769000,7255000,32950000,2678000,8972000,5546000,29350000,25243000
"Namibia","NAM",2013,102189000,50000,9785000,7272000,5250000,23903000,3150000,7439000,5529000,22104000,17692000
"Namibia","NAM",2014,84915000,125000,6001000,6584000,3135000,27759000,3075000,6470000,5148000,11267000,15352000
"Namibia","NAM",2015,58972000,50000,10201000,6085000,2594000,9626000,1920000,5029000,2970000,7350000,13141000
"Namibia","NAM",2016,66056000,0,6188000,276000,4758000,6382000,2999000,7941000,2124000,13906000,21471000
"Namibia","NAM",2017,90197000,1000,4457000,1523000,7299000,13424000,3569000,11750000,1323000,11034000,35818000
"Niger","NER",2003,2298000,0,3000,0,6000,3000,1722000,1000,0,550000,14000
"Niger","NER",2004,8378000,0,311000,160000,41000,784000,4688000,36000,195000,1553000,602000
"Niger","NER",2005,7063000,0,342000,177000,42000,764000,3961000,38000,217000,853000,663000
"Niger","NER",2006,7302000,0,265000,137000,506000,599000,3287000,30000,169000,1549000,754000
"Niger","NER",2007,10178000,0,353000,182000,586000,805000,3022000,575000,221000,3745000,681000
"Niger","NER",2008,11158000,0,483000,334000,645000,1380000,2949000,80000,411000,3525000,1336000
"Niger","NER",2009,12671000,0,616000,458000,860000,1894000,2913000,107000,570000,3598000,1651000
"Niger","NER",2010,4564000,0,138000,96000,249000,437000,1943000,35000,123000,1178000,351000
"Niger","NER",2011,12353000,0,489000,361000,442000,1476000,3558000,87000,450000,4251000,1234000
"Niger","NER",2012,8488000,0,326000,242000,254000,1023000,2402000,57000,306000,3043000,826000
"Niger","NER",2013,13637000,0,434000,319000,343000,1301000,7297000,75000,397000,2301000,1162000
"Niger","NER",2014,7907000,0,231000,185000,676000,698000,3501000,37000,238000,1757000,580000
"Niger","NER",2015,12876000,0,523000,296000,404000,1271000,6788000,68000,363000,2099000,1062000
"Niger","NER",2016,8235000,0,451000,244000,58000,1026000,3353000,54000,282000,1898000,854000
"Niger","NER",2017,10092000,0,707000,362000,65000,1608000,2499000,83000,442000,2948000,1345000
"Nigeria","NGA",2003,72286000,0,462000,186000,615000,895000,57302000,372000,255000,9699000,2493000
"Nigeria","NGA",2004,108597000,0,356000,397000,4370000,5030000,13855000,356000,74919000,7496000,1811000
"Nigeria","NGA",2005,107588000,0,7298000,5260000,2814000,12759000,28840000,1985000,6453000,14179000,27998000
"Nigeria","NGA",2006,205680000,0,12191000,9496000,2116000,21357000,47719000,7950000,9220000,28237000,67390000
"Nigeria","NGA",2007,275558000,0,17039000,13363000,4048000,29759000,50345000,12325000,15037000,33783000,99861000
"Nigeria","NGA",2008,381890000,129000,25274000,16647000,1519000,53680000,45887000,28603000,20045000,53992000,136106000
"Nigeria","NGA",2009,351676000,76000,32638000,3799000,1544000,69966000,22543000,25365000,14340000,46527000,134875000
"Nigeria","NGA",2010,456997000,587000,46701000,3529000,21488000,85121000,7317000,33758000,17577000,58168000,182744000
"Nigeria","NGA",2011,408956000,81000,42730000,5133000,24501000,78125000,9818000,30707000,25025000,58268000,134564000
"Nigeria","NGA",2012,468639000,120000,41550000,9331000,40305000,110051000,25412000,29452000,27797000,62484000,122130000
"Nigeria","NGA",2013,625734000,238000,54337000,33849000,54785000,140228000,20119000,35138000,43137000,85768000,158132000
"Nigeria","NGA",2014,449594000,21000,32433000,20656000,41600000,82832000,22581000,24766000,39185000,44102000,141399000
"Nigeria","NGA",2015,336627000,97000,23553000,18847000,32563000,44117000,26378000,18345000,20067000,36753000,115898000
"Nigeria","NGA",2016,341150000,72000,28990000,27631000,27026000,32930000,17574000,23662000,34680000,23825000,124753000
"Nigeria","NGA",2017,344485000,0,37961000,15909000,27102000,28393000,10325000,34891000,18798000,68558000,102552000
"Rwanda","RWA",2003,23252000,0,125000,0,194000,81000,21248000,101000,7000,923000,572000
"Rwanda","RWA",2004,50924000,0,330000,127000,1514000,4780000,12363000,177000,26746000,3040000,1840000
"Rwanda","RWA",2005,63003000,0,2860000,3435000,405000,7423000,15655000,2884000,2807000,12531000,14992000
"Rwanda","RWA",2006,96068000,0,5418000,5898000,579000,12631000,14260000,5846000,3429000,15831000,32164000
"Rwanda","RWA",2007,138409000,0,10042000,4353000,882000,24245000,17412000,9294000,7031000,23456000,41689000
"Rwanda","RWA",2008,134837000,2000,8961000,3518000,1887000,25052000,19895000,8001000,5765000,28516000,33239000
"Rwanda","RWA",2009,132652000,5000,9874000,4042000,1170000,34796000,13315000,9020000,4694000,23670000,32063000
"Rwanda","RWA",2010,244110000,417000,17661000,7326000,4853000,60274000,10018000,13848000,9984000,60262000,59460000
"Rwanda","RWA",2011,239644000,259000,19382000,7717000,4865000,62328000,5998000,13186000,9862000,59034000,57003000
"Rwanda","RWA",2012,227077000,58000,17449000,7455000,4222000,58496000,8555000,9532000,9475000,57693000,54130000
"Rwanda","RWA",2013,165682000,18000,12306000,6394000,2781000,54726000,4053000,6927000,6364000,39562000,32540000
"Rwanda","RWA",2014,209724000,15000,12900000,7405000,1038000,69033000,3694000,7434000,9027000,50288000,48874000
"Rwanda","RWA",2015,124265000,15000,7393000,2758000,2183000,35506000,2667000,3366000,4956000,35023000,30388000
"Rwanda","RWA",2016,115328000,1000,14172000,3026000,3641000,29163000,6320000,5944000,3775000,16640000,32646000
"Rwanda","RWA",2017,117303000,29000,5792000,4504000,4468000,23164000,8268000,5128000,4142000,20718000,41080000
"Sao Tome and Principe","STP",2003,41000,0,0,0,0,0,38000,0,0,1000,1000
"Sao Tome and Principe","STP",2004,86000,0,0,0,0,4000,79000,0,0,0,1000
"Sao Tome and Principe","STP",2005,272000,0,0,0,0,0,266000,0,0,1000,1000
"Sao Tome and Principe","STP",2006,514000,0,19000,15000,0,58000,274000,1000,19000,69000,49000
"Sao Tome and Principe","STP",2007,567000,0,15000,9000,0,43000,384000,1000,12000,52000,35000
"Sao Tome and Principe","STP",2008,714000,0,26000,18000,0,74000,390000,1000,23000,108000,70000
"Sao Tome and Principe","STP",2009,341000,0,18000,15000,0,57000,109000,1000,18000,68000,47000
"Sao Tome and Principe","STP",2010,140000,0,0,0,48000,0,40000,0,0,50000,0
"Sao Tome and Principe","STP",2011,786000,0,37000,27000,48000,111000,202000,4000,33000,232000,91000
"Sao Tome and Principe","STP",2012,577000,0,15000,11000,1000,47000,309000,1000,13000,131000,39000
"Sao Tome and Principe","STP",2013,999000,0,62000,48000,8000,190000,158000,10000,57000,3e+05,158000
"Sao Tome and Principe","STP",2014,665000,0,36000,28000,0,115000,129000,6000,32000,208000,97000
"Sao Tome and Principe","STP",2015,371000,0,28000,21000,0,85000,31000,4000,29000,99000,69000
"Sao Tome and Principe","STP",2016,350000,0,31000,16000,1000,72000,49000,2000,20000,78000,69000
"Sao Tome and Principe","STP",2017,488000,0,88000,0,0,7000,154000,0,1000,147000,89000
"Senegal","SEN",2003,13654000,0,274000,66000,168000,376000,11277000,22000,82000,1108000,277000
"Senegal","SEN",2004,21220000,0,388000,205000,249000,1025000,15617000,41000,196000,2822000,672000
"Senegal","SEN",2005,20696000,0,318000,90000,54000,396000,17176000,22000,118000,2030000,483000
"Senegal","SEN",2006,22745000,264000,605000,968000,255000,1369000,13695000,82000,384000,3145000,1964000
"Senegal","SEN",2007,20469000,0,893000,595000,577000,2061000,10200000,142000,539000,3241000,2212000
"Senegal","SEN",2008,20800000,11000,744000,476000,906000,3774000,6740000,2295000,439000,3637000,1762000
"Senegal","SEN",2009,24228000,269000,1106000,532000,2201000,4212000,5410000,1745000,511000,5970000,2249000
"Senegal","SEN",2010,30090000,52000,1740000,1211000,1190000,5129000,6545000,324000,1507000,8139000,4242000
"Senegal","SEN",2011,33372000,23000,2129000,1521000,1095000,6368000,6853000,366000,1890000,7818000,5303000
"Senegal","SEN",2012,21538000,35000,1180000,871000,738000,3864000,6200000,230000,1099000,4352000,2962000
"Senegal","SEN",2013,23925000,27000,1381000,1025000,740000,4237000,6493000,245000,1282000,5029000,3468000
"Senegal","SEN",2014,16765000,10000,892000,653000,1023000,2772000,4941000,170000,807000,3136000,2348000
"Senegal","SEN",2015,16657000,11000,977000,729000,438000,3239000,4210000,171000,9e+05,3492000,2485000
"Senegal","SEN",2016,14220000,0,948000,535000,239000,2384000,4903000,114000,601000,2503000,1986000
"Senegal","SEN",2017,16257000,0,958000,5e+05,340000,5802000,2440000,116000,614000,3536000,1936000
"Seychelles","SYC",2003,1000,0,0,0,0,0,1000,0,0,0,0
"Seychelles","SYC",2004,2000,0,0,0,0,1000,1000,0,0,0,0
"Seychelles","SYC",2005,1000,0,0,0,0,0,1000,0,0,0,0
"Seychelles","SYC",2006,2000,0,0,0,0,0,1000,0,0,0,0
"Seychelles","SYC",2007,2000,0,0,0,0,0,1000,0,0,0,0
"Seychelles","SYC",2008,0,0,0,0,0,0,0,0,0,0,0
"Seychelles","SYC",2009,5000,0,0,0,4000,0,0,0,0,2000,0
"Seychelles","SYC",2010,0,0,0,0,0,0,0,0,0,0,0
"Seychelles","SYC",2011,133000,0,4000,1000,0,39000,15000,0,3000,39000,24000
"Seychelles","SYC",2012,123000,0,1000,1000,0,37000,13000,0,1000,37000,19000
"Seychelles","SYC",2013,184000,0,5000,2000,0,56000,19000,0,4000,56000,31000
"Sierra Leone","SLE",2003,1931000,0,6000,1000,5000,5000,1822000,2000,2000,48000,30000
"Sierra Leone","SLE",2004,2761000,0,5000,1000,11000,183000,2469000,2000,2000,56000,28000
"Sierra Leone","SLE",2005,8662000,0,560000,292000,56000,1181000,3239000,71000,373000,1836000,1049000
"Sierra Leone","SLE",2006,6773000,0,256000,174000,47000,719000,3378000,41000,226000,1246000,683000
"Sierra Leone","SLE",2007,8454000,0,238000,211000,70000,788000,4585000,123000,212000,1401000,813000
"Sierra Leone","SLE",2008,13827000,0,809000,554000,244000,2247000,3806000,141000,694000,3374000,1945000
"Sierra Leone","SLE",2009,15365000,0,851000,646000,69000,2426000,4135000,176000,732000,4170000,2153000
"Sierra Leone","SLE",2010,23685000,0,1490000,1126000,85000,4745000,4302000,483000,1378000,6018000,4038000
"Sierra Leone","SLE",2011,17604000,0,1097000,680000,67000,3118000,2844000,157000,843000,6479000,2306000
"Sierra Leone","SLE",2012,18750000,0,1294000,8e+05,111000,3426000,2601000,201000,1012000,6540000,2749000
"Sierra Leone","SLE",2013,12922000,0,799000,552000,411000,2249000,2631000,127000,694000,3586000,1868000
"Sierra Leone","SLE",2014,20501000,0,1480000,1101000,13000,4463000,2282000,258000,1375000,5802000,3716000
"Sierra Leone","SLE",2015,7375000,0,464000,344000,14000,1403000,1376000,80000,430000,2104000,1152000
"Sierra Leone","SLE",2016,19486000,0,1370000,704000,1210000,3109000,5734000,165000,866000,3562000,2758000
"Sierra Leone","SLE",2017,27316000,0,1623000,837000,933000,3680000,11625000,194000,1023000,4196000,3199000
"Somalia","SOM",2003,759000,0,42000,0,47000,51000,388000,1000,0,209000,20000
"Somalia","SOM",2004,772000,0,41000,0,2000,178000,408000,1000,0,121000,19000
"Somalia","SOM",2005,6966000,0,285000,102000,1000,2126000,1004000,67000,232000,2104000,1037000
"Somalia","SOM",2006,8447000,0,319000,142000,1000,2705000,667000,91000,313000,2795000,1401000
"Somalia","SOM",2007,8611000,0,310000,134000,42000,2693000,956000,88000,293000,2741000,1339000
"Somalia","SOM",2008,5383000,1000,186000,79000,31000,1358000,756000,52000,192000,1890000,813000
"Somalia","SOM",2009,5788000,2000,226000,1e+05,79000,1665000,453000,63000,215000,1982000,977000
"Somalia","SOM",2010,14232000,2000,608000,268000,80000,4369000,439000,170000,584000,5052000,2642000
"Somalia","SOM",2011,14296000,1000,593000,261000,71000,4272000,748000,166000,569000,5024000,2575000
"Somalia","SOM",2012,7960000,1e+05,310000,148000,57000,2297000,398000,88000,305000,2717000,1531000
"Somalia","SOM",2013,11325000,161000,463000,260000,31000,3351000,426000,127000,445000,3896000,2148000
"Somalia","SOM",2014,6671000,17000,269000,127000,79000,1953000,305000,76000,271000,2369000,1183000
"Somalia","SOM",2015,6739000,16000,284000,128000,9000,2023000,321000,78000,293000,2352000,1214000
"Somalia","SOM",2016,9092000,11000,342000,164000,61000,2703000,1154000,89000,341000,2743000,1468000
"Somalia","SOM",2017,9052000,1000,327000,149000,61000,2561000,1404000,84000,338000,2736000,1380000
"South Africa","ZAF",2003,93766000,0,1093000,632000,3274000,215000,64506000,571000,53000,21014000,2406000
"South Africa","ZAF",2004,152691000,0,2690000,1523000,4386000,6110000,127630000,770000,324000,5185000,4072000
"South Africa","ZAF",2005,188325000,0,11564000,10405000,3971000,12120000,65367000,7664000,5819000,25074000,46334000
"South Africa","ZAF",2006,217508000,11000,14242000,10359000,5397000,11244000,42513000,13136000,6769000,35410000,78427000
"South Africa","ZAF",2007,397835000,70000,30642000,21146000,11232000,26752000,97910000,24357000,15281000,43502000,126942000
"South Africa","ZAF",2008,447659000,416000,36265000,27343000,8953000,30578000,80399000,34145000,22600000,51880000,155074000
"South Africa","ZAF",2009,532490000,265000,49635000,33741000,15062000,50338000,62549000,43248000,32475000,69941000,175231000
"South Africa","ZAF",2010,645328000,2075000,56830000,37968000,90087000,63756000,29808000,47879000,36679000,82961000,197279000
"South Africa","ZAF",2011,654244000,123000,54140000,38144000,82308000,72791000,33304000,48177000,50712000,76416000,198128000
"South Africa","ZAF",2012,663785000,249000,54365000,29252000,79111000,84737000,43001000,45145000,48504000,99007000,180409000
"South Africa","ZAF",2013,562005000,187000,38012000,12971000,61272000,79935000,49717000,34469000,27620000,124905000,132909000
"South Africa","ZAF",2014,580270000,208000,54065000,21088000,39455000,89166000,21207000,43776000,39672000,118258000,153370000
"South Africa","ZAF",2015,387440000,110000,34509000,13737000,30276000,72124000,8932000,21535000,16503000,92535000,97184000
"South Africa","ZAF",2016,434547000,118000,35709000,28165000,34561000,38189000,16514000,39827000,16436000,75937000,149085000
"South Africa","ZAF",2017,472175000,47000,72433000,41996000,33440000,28624000,17038000,42956000,19804000,49861000,165966000
"South Sudan","SSD",2003,166000,0,4000,0,6000,7000,69000,3000,1000,32000,43000
"South Sudan","SSD",2004,420000,0,4000,1000,12000,231000,88000,3000,0,41000,39000
"South Sudan","SSD",2005,213000,0,7000,5000,11000,6000,90000,1000,11000,45000,33000
"South Sudan","SSD",2006,294000,0,5000,0,14000,17000,115000,1000,9000,65000,65000
"South Sudan","SSD",2007,280000,0,3000,4000,19000,25000,120000,1000,0,74000,31000
"South Sudan","SSD",2008,248000,0,1000,0,6000,29000,80000,3000,3000,93000,21000
"South Sudan","SSD",2009,239000,0,1000,0,12000,54000,46000,3000,0,93000,18000
"South Sudan","SSD",2010,206000,0,4000,2000,42000,29000,28000,0,0,76000,16000
"South Sudan","SSD",2011,9414000,0,921000,90000,1101000,2887000,116000,54000,196000,3159000,873000
"South Sudan","SSD",2012,12952000,0,740000,2062000,176000,4604000,146000,69000,836000,3244000,1072000
"South Sudan","SSD",2013,20104000,0,1565000,2867000,578000,5188000,221000,77000,1276000,4432000,3881000
"South Sudan","SSD",2014,18271000,0,1228000,2242000,239000,5258000,219000,424000,1544000,4409000,2696000
"South Sudan","SSD",2015,27120000,0,1572000,2368000,231000,7680000,393000,593000,2607000,7245000,4430000
"South Sudan","SSD",2016,13235000,0,78000,2879000,506000,1719000,71000,336000,566000,973000,6095000
"South Sudan","SSD",2017,36838000,1000,1322000,3632000,829000,8023000,2400000,778000,1295000,6833000,11722000
"Sudan","SDN",2003,1283000,0,4000,0,24000,10000,927000,5000,0,279000,33000
"Sudan","SDN",2004,3381000,0,4000,0,415000,746000,1945000,5000,0,232000,30000
"Sudan","SDN",2005,9165000,0,252000,139000,267000,1928000,3126000,59000,232000,2155000,1002000
"Sudan","SDN",2006,19421000,0,616000,439000,536000,4474000,5131000,133000,527000,5534000,2019000
"Sudan","SDN",2007,11198000,0,290000,155000,175000,1209000,6769000,99000,123000,1682000,692000
"Sudan","SDN",2008,18059000,29000,438000,271000,194000,3891000,5766000,791000,394000,4374000,1882000
"Sudan","SDN",2009,29591000,4000,795000,1531000,392000,8755000,3546000,1756000,977000,7772000,4051000
"Sudan","SDN",2010,25665000,61000,1145000,531000,833000,6344000,4464000,569000,677000,7694000,3333000
"Sudan","SDN",2011,34757000,51000,1723000,726000,1105000,7879000,8245000,220000,1130000,9787000,3882000
"Sudan","SDN",2012,22529000,7000,920000,229000,2156000,3807000,9014000,82000,327000,4093000,1870000
"Sudan","SDN",2013,20809000,8000,463000,181000,2481000,4790000,6741000,132000,402000,3763000,1838000
"Sudan","SDN",2014,13485000,4000,485000,213000,229000,3802000,1770000,158000,471000,4237000,2106000
"Sudan","SDN",2015,6385000,25000,233000,103000,161000,1808000,639000,65000,222000,2127000,995000
"Sudan","SDN",2016,14011000,20000,571000,401000,363000,4078000,1341000,93000,483000,4916000,1740000
"Sudan","SDN",2017,4763000,17000,173000,122000,138000,1261000,841000,28000,144000,1508000,527000
"Swaziland","SWZ",2003,10574000,0,1050000,168000,54000,2918000,2022000,252000,301000,2844000,960000
"Swaziland","SWZ",2004,6483000,0,409000,70000,116000,1894000,2120000,128000,108000,1205000,425000
"Swaziland","SWZ",2005,29938000,0,3140000,486000,127000,9574000,3086000,646000,1025000,8905000,2945000
"Swaziland","SWZ",2006,17265000,0,1577000,264000,177000,4810000,2602000,351000,521000,5249000,1705000
"Swaziland","SWZ",2007,25815000,0,2571000,904000,281000,7186000,3773000,489000,952000,7477000,2185000
"Swaziland","SWZ",2008,32940000,2000,2363000,1519000,132000,10447000,2519000,536000,1470000,11313000,2626000
"Swaziland","SWZ",2009,28271000,7000,2800000,1297000,256000,8192000,2510000,389000,1599000,7783000,3433000
"Swaziland","SWZ",2010,72149000,229000,7538000,3043000,923000,24059000,1758000,1064000,3938000,20923000,8676000
"Swaziland","SWZ",2011,79391000,783000,5946000,2736000,6766000,17292000,10125000,3712000,4638000,18067000,9314000
"Swaziland","SWZ",2012,61593000,54000,6601000,2348000,5382000,17196000,1230000,3596000,4504000,12181000,8487000
"Swaziland","SWZ",2013,71352000,20000,9144000,2832000,4588000,20207000,1040000,3146000,4740000,15899000,9726000
"Swaziland","SWZ",2014,45588000,18000,7845000,576000,5587000,10126000,614000,6903000,819000,3775000,9311000
"Swaziland","SWZ",2015,41272000,19000,4472000,1950000,5275000,10146000,1169000,2942000,3110000,5846000,6329000
"Swaziland","SWZ",2016,77046000,0,6981000,1792000,3609000,12132000,5473000,4846000,1393000,12756000,28069000
"Swaziland","SWZ",2017,82343000,0,10707000,3862000,3704000,8620000,6122000,5612000,2540000,13767000,27406000
"Tanzania","TZA",2003,71004000,0,285000,71000,2402000,1047000,59120000,647000,121000,5233000,2075000
"Tanzania","TZA",2004,116564000,0,255000,9000,7398000,6015000,33365000,563000,62619000,4592000,1742000
"Tanzania","TZA",2005,170443000,0,7270000,4591000,1853000,27075000,42768000,4529000,6540000,35961000,39852000
"Tanzania","TZA",2006,197135000,0,8696000,8288000,4124000,18054000,48686000,9789000,7263000,30684000,61550000
"Tanzania","TZA",2007,256719000,42000,13934000,9010000,11716000,22447000,49373000,12408000,12898000,47998000,76884000
"Tanzania","TZA",2008,352968000,30000,17050000,13037000,3018000,44192000,68957000,17010000,18729000,67740000,103185000
"Tanzania","TZA",2009,285420000,201000,23719000,10090000,3787000,61358000,25891000,15404000,15969000,51365000,77630000
"Tanzania","TZA",2010,430169000,304000,37494000,17002000,11148000,79509000,32071000,25368000,24221000,76711000,126328000
"Tanzania","TZA",2011,404900000,401000,34753000,14175000,25764000,75753000,21096000,24022000,34930000,66679000,107319000
"Tanzania","TZA",2012,375330000,94000,32243000,13159000,27629000,58122000,21616000,22723000,33656000,78683000,87389000
"Tanzania","TZA",2013,496063000,156000,26839000,16147000,27571000,99048000,59784000,26215000,35474000,92086000,112727000
"Tanzania","TZA",2014,481386000,82000,29302000,16396000,20767000,75267000,57507000,28641000,43453000,85770000,124192000
"Tanzania","TZA",2015,349939000,118000,32409000,10459000,16387000,49816000,22170000,22551000,34875000,52990000,108161000
"Tanzania","TZA",2016,435305000,22000,43769000,14378000,7600000,62734000,25969000,25025000,34987000,80854000,139975000
"Tanzania","TZA",2017,483718000,3000,23985000,14531000,16690000,69165000,27226000,29420000,23277000,90684000,188728000
"The Gambia","GMB",2003,2622000,0,4000,0,0,4000,2590000,0,0,14000,9000
"The Gambia","GMB",2004,7067000,0,141000,104000,0,539000,5255000,26000,129000,501000,359000
"The Gambia","GMB",2005,10077000,0,419000,308000,0,1253000,5089000,72000,388000,1483000,1056000
"The Gambia","GMB",2006,4248000,0,234000,169000,0,702000,1452000,39000,214000,832000,598000
"The Gambia","GMB",2007,4072000,0,273000,198000,0,828000,747000,47000,247000,1019000,710000
"The Gambia","GMB",2008,3725000,0,261000,197000,0,807000,521000,45000,247000,967000,675000
"The Gambia","GMB",2009,7095000,0,1125000,299000,15000,2096000,322000,1e+05,333000,1835000,958000
"The Gambia","GMB",2010,7368000,0,1398000,301000,13000,2508000,187000,82000,308000,1671000,894000
"The Gambia","GMB",2011,7966000,0,1477000,298000,17000,2753000,267000,91000,3e+05,1893000,860000
"The Gambia","GMB",2012,6291000,0,770000,241000,0,2857000,391000,74000,248000,1222000,480000
"The Gambia","GMB",2013,11371000,0,1227000,466000,0,5308000,1256000,106000,469000,1674000,853000
"The Gambia","GMB",2014,7492000,0,449000,88000,0,2718000,3521000,62000,33000,609000,1000
"The Gambia","GMB",2015,4447000,0,316000,232000,0,956000,690000,53000,291000,1115000,787000
"The Gambia","GMB",2016,4324000,0,410000,217000,34000,945000,567000,49000,271000,1049000,778000
"The Gambia","GMB",2017,6091000,0,473000,250000,40000,1084000,1790000,56000,311000,1179000,9e+05
"Togo","TGO",2003,5211000,0,384000,286000,4000,1185000,383000,68000,351000,1573000,984000
"Togo","TGO",2004,7222000,0,508000,375000,9000,1757000,823000,92000,468000,1887000,1301000
"Togo","TGO",2005,8316000,0,629000,466000,9000,1883000,809000,105000,587000,2228000,1592000
"Togo","TGO",2006,9896000,0,740000,546000,10000,2234000,985000,127000,691000,2643000,1902000
"Togo","TGO",2007,14367000,0,1057000,782000,14000,3196000,1770000,186000,966000,3724000,2651000
"Togo","TGO",2008,8672000,0,540000,379000,9000,1615000,2332000,99000,468000,1888000,1316000
"Togo","TGO",2009,21128000,0,1400000,1032000,357000,4250000,3822000,248000,1280000,4956000,3771000
"Togo","TGO",2010,13686000,0,975000,711000,351000,2951000,1589000,197000,880000,3509000,2497000
"Togo","TGO",2011,12655000,0,835000,617000,355000,2547000,2042000,143000,769000,3220000,2108000
"Togo","TGO",2012,8835000,0,541000,394000,538000,1628000,1717000,94000,509000,2060000,1338000
"Togo","TGO",2013,13959000,0,1013000,740000,550000,3037000,1258000,178000,924000,3739000,2511000
"Togo","TGO",2014,13366000,0,960000,702000,556000,2885000,1189000,168000,876000,3623000,2393000
"Togo","TGO",2015,9380000,0,721000,533000,123000,2189000,625000,125000,663000,2580000,1807000
"Togo","TGO",2016,17998000,0,1728000,886000,173000,3933000,2382000,208000,1127000,4268000,3281000
"Togo","TGO",2017,15383000,0,1430000,739000,140000,3505000,2167000,173000,926000,3571000,2728000
"Uganda","UGA",2003,55450000,0,484000,4000,1594000,227000,47604000,297000,94000,3616000,1515000
"Uganda","UGA",2004,171514000,0,1799000,644000,2264000,15363000,28850000,662000,99909000,14857000,7156000
"Uganda","UGA",2005,162914000,0,13002000,8124000,43135000,15988000,27594000,4442000,3990000,18639000,27988000
"Uganda","UGA",2006,201598000,0,12796000,7871000,50430000,14631000,37857000,11067000,3899000,19147000,43898000
"Uganda","UGA",2007,297614000,0,18600000,12499000,66434000,35372000,37376000,14647000,10638000,39009000,63025000
"Uganda","UGA",2008,246129000,11000,19337000,13027000,22145000,27228000,32282000,18997000,11349000,36919000,64829000
"Uganda","UGA",2009,258122000,41000,24408000,15838000,12176000,40041000,12043000,27520000,13657000,37240000,75140000
"Uganda","UGA",2010,295402000,239000,24936000,16893000,16978000,53688000,20647000,22773000,14779000,44958000,79520000
"Uganda","UGA",2011,302087000,172000,24932000,15562000,12289000,51983000,18441000,23599000,15921000,54724000,84464000
"Uganda","UGA",2012,351895000,222000,26416000,15378000,13844000,71092000,15361000,23382000,20784000,52960000,112446000
"Uganda","UGA",2013,350548000,459000,35975000,14787000,19052000,55514000,18788000,25093000,6880000,59543000,114460000
"Uganda","UGA",2014,325479000,314000,28968000,11545000,15825000,57245000,12803000,21830000,23374000,42635000,110939000
"Uganda","UGA",2015,303602000,557000,17346000,8848000,17625000,56361000,14618000,13187000,12638000,54278000,108145000
"Uganda","UGA",2016,394529000,249000,53729000,12693000,24068000,62124000,20965000,20671000,15668000,62636000,121727000
"Uganda","UGA",2017,391432000,538000,53293000,17545000,19034000,46186000,11904000,23280000,14601000,50991000,154049000
"Zambia","ZMB",2003,61625000,0,249000,497000,1459000,2066000,51395000,296000,145000,3448000,2059000
"Zambia","ZMB",2004,127925000,1000,1443000,690000,1531000,15411000,35550000,593000,53554000,12269000,6882000
"Zambia","ZMB",2005,169247000,1000,9951000,9438000,2868000,21288000,38748000,6827000,7164000,30280000,42672000
"Zambia","ZMB",2006,181724000,0,6939000,11100000,5619000,18331000,45914000,10510000,5874000,26626000,50806000
"Zambia","ZMB",2007,209140000,1000,8848000,14508000,6026000,23082000,59887000,9030000,10042000,29187000,48522000
"Zambia","ZMB",2008,310612000,94000,13889000,15229000,2418000,58865000,61222000,13665000,14787000,62703000,67741000
"Zambia","ZMB",2009,248162000,277000,14071000,12328000,8610000,60186000,33983000,11372000,11356000,41281000,54687000
"Zambia","ZMB",2010,253744000,286000,17797000,15775000,6120000,55010000,16866000,14491000,14020000,45822000,67559000
"Zambia","ZMB",2011,327702000,72000,28084000,19212000,7477000,76845000,20651000,15788000,23589000,67302000,68674000
"Zambia","ZMB",2012,312566000,39000,27458000,16780000,9540000,78239000,18543000,17177000,21017000,59674000,64093000
"Zambia","ZMB",2013,381323000,66000,17692000,17036000,9419000,130446000,17553000,14492000,19817000,74584000,80210000
"Zambia","ZMB",2014,311423000,14000,18068000,20802000,4784000,92194000,9581000,17808000,23817000,51761000,72590000
"Zambia","ZMB",2015,175540000,17000,13855000,9602000,7811000,17379000,19773000,13693000,7458000,16786000,69160000
"Zambia","ZMB",2016,247793000,0,16974000,14143000,4807000,28960000,28511000,15754000,15922000,23424000,99295000
"Zambia","ZMB",2017,341327000,0,25050000,17889000,10155000,32432000,47380000,19784000,15028000,27384000,146216000
"Zimbabwe","ZWE",2003,39772000,0,824000,250000,356000,140000,35761000,349000,4e+05,1269000,420000
"Zimbabwe","ZWE",2004,44097000,0,1235000,598000,832000,2855000,35741000,580000,8e+05,1078000,377000
"Zimbabwe","ZWE",2005,91272000,0,726000,715000,844000,1743000,80422000,180000,1040000,3579000,2026000
"Zimbabwe","ZWE",2006,94550000,0,2790000,3858000,8337000,4012000,52058000,3347000,4645000,8177000,7325000
"Zimbabwe","ZWE",2007,155386000,0,4608000,4136000,11863000,11378000,77627000,8994000,4864000,23828000,8090000
"Zimbabwe","ZWE",2008,90258000,1000,2338000,2679000,717000,5082000,51886000,11532000,2592000,5738000,7690000
"Zimbabwe","ZWE",2009,134418000,97000,8710000,2787000,3241000,30341000,29414000,14758000,4829000,28575000,11663000
"Zimbabwe","ZWE",2010,157973000,2000,6299000,3991000,7730000,32359000,53354000,15587000,5085000,22553000,11009000
"Zimbabwe","ZWE",2011,109290000,149000,5677000,2411000,7024000,26461000,22783000,4552000,6529000,21919000,11781000
"Zimbabwe","ZWE",2012,240803000,14000,23291000,2796000,4146000,73923000,12923000,9190000,13452000,67068000,33998000
"Zimbabwe","ZWE",2013,189590000,13000,14211000,2433000,5593000,48694000,16704000,6345000,8099000,54482000,33018000
"Zimbabwe","ZWE",2014,212254000,4000,12765000,3901000,7946000,49579000,19041000,8974000,10748000,61300000,37980000
"Zimbabwe","ZWE",2015,294420000,5000,23605000,5856000,10951000,73416000,22881000,10695000,10557000,80277000,56179000
"Zimbabwe","ZWE",2016,223305000,0,17363000,4742000,7636000,52023000,18211000,9005000,7570000,62381000,44371000
"Zimbabwe","ZWE",2017,206333000,0,14931000,10747000,7181000,41833000,12077000,9683000,4681000,47278000,57930000
