Country Name,Country Code,Series Name,Series Code,2001 [YR2001],2002 [YR2002],2003 [YR2003],2004 [YR2004],2005 [YR2005],2006 [YR2006],2007 [YR2007],2008 [YR2008],2009 [YR2009],2010 [YR2010],2011 [YR2011],2012 [YR2012],2013 [YR2013],2014 [YR2014],2015 [YR2015],2016 [YR2016],2017 [YR2017],2018 [YR2018],2019 [YR2019],2020 [YR2020]
Angola,AGO,GDP per capita (current US$),NY.GDP.PCAP.CD,527.333528536691,872.494441791273,982.96100777685,1255.56451325546,1902.42214975937,2599.56594793067,3121.99608528081,4080.94103372417,3122.7815987074,3587.88364462837,4615.46821863819,5100.09702685927,5254.88112606683,5408.41170002082,4166.97983330278,3506.07312818832,4095.8100568707,3289.64399476678,2809.62608839129,1895.77086891313
Angola,AGO,"Maternal mortality ratio (modeled estimate, per 100,000 live births)",SH.STA.MMRT,766,690,628,574,519,473,431,395,359,326,300,281,269,258,251,246,241,..,..,..
Angola,AGO,Population density (people per sq. km of land area),EN.POP.DNST,13.5924865645304,14.0526333520494,14.5355554664314,15.0462324536777,15.588035614021,16.1625932461699,16.7685569904548,17.4024512713564,18.0590960134756,18.7344565653325,19.4278174380364,20.1395083019171,20.8677195796904,21.610470040908,22.3665516964787,23.1350621641133,23.9165549049491,24.7130721103714,25.527632148873,26.3626116948745
Angola,AGO,"Population, total",SP.POP.TOTL,16945753,17519418,18121477,18758138,19433604,20149905,20905360,21695636,22514275,23356247,24220660,25107925,26015786,26941773,27884380,28842482,29816769,30809787,31825299,32866268
Angola,AGO,"School enrollment, primary (% gross)",SE.PRM.ENRR,..,..,..,..,..,..,98.9735794067383,105.180206298828,104.130569458008,105.781036376953,119.530143737793,..,..,..,113.477958679199,..,..,..,..,..
Benin,BEN,GDP per capita (current US$),NY.GDP.PCAP.CD,518.067478902149,574.929776196326,711.284922669436,798.744255592617,822.785201409895,856.054875766203,966.2035810124,1125.42602943016,1088.75785169783,1036.53459416252,1130.27318959427,1145.14001854462,1251.20970702834,1291.41010666767,1076.79670153022,1087.28730384853,1136.59397046254,1240.83096186066,1219.51547853535,1291.04096203645
Benin,BEN,"Maternal mortality ratio (modeled estimate, per 100,000 live births)",SH.STA.MMRT,516,511,510,505,500,493,486,480,471,464,458,450,441,432,421,408,397,..,..,..
Benin,BEN,Population density (people per sq. km of land area),EN.POP.DNST,62.759205391983,64.6984746363959,66.6952465413267,68.730072720823,70.7894909542391,72.8706367506208,74.9804008513657,77.1276605179142,79.3252305782192,81.5826002128414,83.9023501241575,86.2828485278468,88.7246718694573,91.2277314650585,93.7917878680383,96.4178077332387,99.1059950336999,101.853804540617,104.65724547712,107.513284852785
Benin,BEN,"Population, total",SP.POP.TOTL,7076728,7295400,7520556,7750003,7982223,8216893,8454790,8696915,8944713,9199254,9460829,9729254,10004594,10286839,10575962,10872072,11175192,11485035,11801151,12123198
Benin,BEN,"School enrollment, primary (% gross)",SE.PRM.ENRR,90.7364120483398,96.1632232666016,99.7970428466797,103.722259521484,100.838829040527,101.293403625488,..,113.18830871582,118.433967590332,120.152008056641,122.726043701172,127.215148925781,128.736099243164,129.595672607422,132.466842651367,130.902282714844,126.646110534668,121.958251953125,116.708587646484,114.151092529297
Botswana,BWA,GDP per capita (current US$),NY.GDP.PCAP.CD,3278.01607934706,3190.62481146154,4330.97236855283,5073.52040802149,5513.33106259322,5521.99060810445,5832.73705168476,5713.54393106428,5255.77653269313,6434.81248526822,7617.31004132551,7050.57347186681,7224.91273728564,7780.63475753974,6799.87017783413,7243.93397430839,7893.41867148033,8279.81845660293,7970.79696800641,6710.990411266
Botswana,BWA,"Maternal mortality ratio (modeled estimate, per 100,000 live births)",SH.STA.MMRT,271,278,278,264,239,221,209,203,189,179,176,170,164,160,156,151,144,..,..,..
Botswana,BWA,Population density (people per sq. km of land area),EN.POP.DNST,2.95497679671096,3.00784677006687,3.06034090307554,3.1152982901911,3.17448696910345,3.23948088154853,3.30926190602227,3.38015633546839,3.44695886930284,3.50626577029626,3.55620136572971,3.59880542762868,3.63938912709756,3.68538633917386,3.74202177403702,3.81120639457943,3.89087572565419,3.97732077003158,4.06490392250278,4.14946270710921
Botswana,BWA,"Population, total",SP.POP.TOTL,1674674,1704637,1734387,1765533,1799077,1835911,1875458,1915636,1953495,1987106,2015406,2039551,2062551,2088619,2120716,2159925,2205076,2254067,2303703,2351625
Botswana,BWA,"School enrollment, primary (% gross)",SE.PRM.ENRR,111.417320251465,111.522178649902,111.34642791748,110.886878967285,111.148590087891,111.46768951416,109.834648132324,108.497207641602,108.20036315918,..,..,105.080848693848,105.001441955566,103.717643737793,103.238388061523,..,..,..,..,..
Burkina Faso,BFA,GDP per capita (current US$),NY.GDP.PCAP.CD,267.097599629023,294.665388546593,374.627357970473,418.37666028192,457.933430763383,473.449868166334,535.062279451535,643.404581023036,624.175164544582,647.836095537879,751.172770411005,758.000426972403,787.469438309085,792.84623742527,653.32726813947,688.250696258197,734.996267960528,813.099689441984,786.895437677452,830.925144621939
Burkina Faso,BFA,"Maternal mortality ratio (modeled estimate, per 100,000 live births)",SH.STA.MMRT,501,486,471,454,437,422,410,401,393,385,377,369,362,353,343,331,320,..,..,..
Burkina Faso,BFA,Population density (people per sq. km of land area),EN.POP.DNST,43.6571235380117,44.9309100877193,46.2522807017544,47.6263742690059,49.0567799707602,50.5452229532164,52.0907492690058,53.6905153508772,55.3402704678363,57.0365899122807,58.7789290935672,60.5674415204678,62.4005519005848,64.2764217836257,66.1937719298246,68.1518640350877,70.150716374269,72.1910307017544,74.2740606725146,76.4008698830409
Burkina Faso,BFA,"Population, total",SP.POP.TOTL,11944589,12293097,12654624,13030576,13421935,13829173,14252029,14689725,15141098,15605211,16081915,16571252,17072791,17586029,18110616,18646350,19193236,19751466,20321383,20903278
Burkina Faso,BFA,"School enrollment, primary (% gross)",SE.PRM.ENRR,46.4378318786621,47.0575714111328,49.3110389709473,53.8744010925293,58.3271903991699,62.0652084350586,67.6690979003906,73.2238388061523,77.6148223876953,78.0141677856445,81.5949096679688,84.0926132202148,85.7183990478516,87.3379135131836,88.3661575317383,91.11083984375,93.6531295776367,96.0903701782227,94.5357131958008,92.6278915405273
Burundi,BDI,GDP per capita (current US$),NY.GDP.PCAP.CD,134.363426917623,123.117536141087,113.567251308875,128.336702810905,151.681566343002,167.376462504995,172.495596648941,198.352851736367,212.137057219997,234.235532533654,249.577972769836,252.358866309211,256.975647122635,274.857842155366,305.549646023245,282.193028464612,292.998009548647,271.752496382505,261.24529116164,274.009523229095
Burundi,BDI,"Maternal mortality ratio (modeled estimate, per 100,000 live births)",SH.STA.MMRT,956,925,890,844,814,785,756,733,698,665,635,608,591,576,568,558,548,..,..,..
Burundi,BDI,Population density (people per sq. km of land area),EN.POP.DNST,254.110046728972,261.063785046729,269.048325545171,277.713707165109,286.793496884735,296.255841121495,306.161448598131,316.43707165109,327.011721183801,337.835124610592,348.847585669782,360.046417445483,371.507087227414,383.345054517134,395.639953271028,408.411292834891,421.61253894081,435.178309968847,449.010007788162,463.036643302181
Burundi,BDI,"Population, total",SP.POP.TOTL,6525546,6704118,6909161,7131688,7364857,7607850,7862226,8126104,8397661,8675606,8958406,9245992,9540302,9844301,10160034,10488002,10827010,11175379,11530577,11890781
Burundi,BDI,"School enrollment, primary (% gross)",SE.PRM.ENRR,60.8633117675781,65.6419677734375,71.1733016967773,76.2671203613281,80.9731063842773,102.900299072266,115.308288574219,122.943153381348,131.522735595703,137.170104980469,140.828903198242,139.170425415039,136.63232421875,134.29948425293,130.903427124023,128.042053222656,123.859619140625,121.421562194824,118.960243225098,..
Cabo Verde,CPV,GDP per capita (current US$),NY.GDP.PCAP.CD,1292.22651152195,1401.89107297649,1809.11002984768,2024.26638129338,2099.14841708582,2361.38010115423,3186.77993467023,3721.21999284574,3517.43015558829,3378.3234334576,3740.37410269948,3447.48310007387,3616.03556968932,3588.62558418407,3043.03138156811,3130.99875340636,3292.63350335797,3617.34744544679,3603.77524058462,3064.27238842819
Cabo Verde,CPV,"Maternal mortality ratio (modeled estimate, per 100,000 live births)",SH.STA.MMRT,109,101,96,91,86,82,78,75,72,70,67,65,63,62,61,59,58,..,..,..
Cabo Verde,CPV,Population density (people per sq. km of land area),EN.POP.DNST,108.114392059553,109.914392059553,111.643920595534,113.304962779156,114.896774193548,116.419602977667,117.882630272953,119.316625310174,120.761042183623,122.244168734491,123.786104218362,125.369975186104,126.982630272953,128.604466501241,130.208436724566,131.796526054591,133.374441687345,134.929032258065,136.460545905707,137.962282878412
Cabo Verde,CPV,"Population, total",SP.POP.TOTL,435701,442955,449925,456619,463034,469171,475067,480846,486667,492644,498858,505241,511740,518276,524740,531140,537499,543764,549936,555988
Cabo Verde,CPV,"School enrollment, primary (% gross)",SE.PRM.ENRR,117.956329345703,116.855117797852,115.399169921875,113.993057250977,114.227310180664,115.921928405762,116.025436401367,115.373802185059,113.389762878418,111.112152099609,109.017631530762,107.907577514648,108.192932128906,107.429313659668,105.496841430664,103.907470703125,103.282920837402,104.027969360352,100.888069152832,..
Cameroon,CMR,GDP per capita (current US$),NY.GDP.PCAP.CD,651.670578131269,711.229353732213,867.903545527514,1011.75640555245,1012.28262956845,1063.08162787499,1195.64921070811,1377.29863469094,1319.99742044357,1286.51588785105,1405.0941234837,1354.54554970174,1465.63871039432,1542.62060627136,1327.50256128813,1364.32954020397,1425.10636777271,1534.49224145452,1507.44979812212,1499.37284272297
Cameroon,CMR,"Maternal mortality ratio (modeled estimate, per 100,000 live births)",SH.STA.MMRT,844,803,771,732,692,658,635,618,606,597,589,580,567,564,554,538,529,..,..,..
Cameroon,CMR,Population density (people per sq. km of land area),EN.POP.DNST,33.697002390472,34.6038903344545,35.54159844302,36.5114383025534,37.514349178143,38.5514945738402,39.6232002707791,40.7282985339849,41.864826214804,43.0311099828648,44.2266759746991,45.4512639884919,46.7036872501111,47.9825960948573,49.2868270186795,50.6157030737662,51.96858539062,53.3440396860655,54.7405110955977,56.1567641894608
Cameroon,CMR,"Population, total",SP.POP.TOTL,15928910,16357605,16800869,17259322,17733408,18223677,18730283,19252674,19789922,20341236,20906392,21485267,22077300,22681853,23298376,23926549,24566070,25216261,25876387,26545864
Cameroon,CMR,"School enrollment, primary (% gross)",SE.PRM.ENRR,100.811729431152,100.80281829834,100.920989990234,105.412872314453,103.449447631836,102.304763793945,104.241752624512,104.350479125977,106.266860961914,108.132659912109,107.228141784668,111.666191101074,..,113.279029846191,116.210441589355,116.117301940918,110.320678710938,103.402122497559,105.747840881348,..
Central African Republic,CAF,GDP per capita (current US$),NY.GDP.PCAP.CD,250.357145899657,260.745458695544,293.661549027692,320.736812338314,331.163088206718,354.670863314704,404.374542914498,464.561204695005,474.705627543055,488.421773091439,551.749691833885,565.801164498684,380.297892777817,424.449105977749,377.422918968081,402.191634907492,450.900697005339,475.953849512777,467.908021751942,476.851112719857
Central African Republic,CAF,"Maternal mortality ratio (modeled estimate, per 100,000 live births)",SH.STA.MMRT,1290,1280,1250,1230,1200,1170,1130,1090,1050,1000,981,963,1030,961,912,890,829,..,..,..
Central African Republic,CAF,Population density (people per sq. km of land area),EN.POP.DNST,5.97453529808341,6.10313172172461,6.23003146168416,6.35635654435134,6.48235898423705,6.61028443930784,6.73858550836303,6.85955889434653,6.96270024719895,7.04158239429837,7.09274615557482,7.12127355613342,7.13978779415069,7.16583357411153,7.21238402516935,7.2838341519792,7.37748081800379,7.49040900189412,7.61690423448586,7.75267905871778
Central African Republic,CAF,"Population, total",SP.POP.TOTL,3722016,3802129,3881185,3959883,4038380,4118075,4198004,4273368,4337623,4386765,4418639,4436411,4447945,4464171,4493171,4537683,4596023,4666375,4745179,4829764
Central African Republic,CAF,"School enrollment, primary (% gross)",SE.PRM.ENRR,77.8385391235352,68.2395706176758,67.3500671386719,57.6201591491699,63.8960113525391,63.4609298706055,72.9640197753906,83.7825012207031,85.0827026367188,87.3316116333008,87.6728973388672,87.8093566894531,..,..,..,102.018898010254,..,..,..,..
Chad,TCD,GDP per capita (current US$),NY.GDP.PCAP.CD,197.146082103195,221.416536911391,292.600880182047,454.336365239401,658.566973042801,710.396398684645,799.603741996266,929.382751892261,803.686388398795,892.568869694168,984.736130484829,967.352948812122,979.811742616759,1020.28797948927,776.019752284262,693.449767448537,665.948884859102,726.151007088549,709.54004317463,614.465189935689
Chad,TCD,"Maternal mortality ratio (modeled estimate, per 100,000 live births)",SH.STA.MMRT,1410,1400,1370,1350,1330,1340,1300,1310,1270,1240,1210,1190,1170,1170,1160,1140,1140,..,..,..
Chad,TCD,Population density (people per sq. km of land area),EN.POP.DNST,6.89171616899619,7.16266359593393,7.44434005717916,7.73090930749682,8.01828939008895,8.30457592121982,8.59119361499365,8.88150333545108,9.18054479034308,9.49184720457433,9.81653907242694,10.1530717916137,10.4990732210928,10.8509863405337,11.2062984434562,11.5642137865311,11.9256361181703,12.2917145806862,12.6642963786531,13.0446783672173
Chad,TCD,"Population, total",SP.POP.TOTL,8678049,9019226,9373913,9734761,10096630,10457122,10818031,11183589,11560142,11952134,12360986,12784748,13220433,13663562,14110971,14561658,15016761,15477727,15946882,16425859
Chad,TCD,"School enrollment, primary (% gross)",SE.PRM.ENRR,66.0516204833984,69.7735290527344,71.6693878173828,75.0761032104492,71.6145706176758,70.9291381835938,69.7853317260742,77.7206497192383,81.9750595092773,81.9184799194336,88.6454772949219,92.8953323364258,100.132751464844,101.584831237793,91.5831298828125,86.8468704223633,78.5740432739258,89.7342834472656,89.1911392211914,..
Comoros,COM,GDP per capita (current US$),NY.GDP.PCAP.CD,680.905572824133,747.9888625038,937.710896345202,1061.07554752819,1069.02942631854,1114.94528131922,1240.09252846752,1393.21603163764,1344.73040600031,1316.49122468758,1447.9452695898,1403.36042113702,1505.33721977308,1513.83038984582,1242.58568214864,1273.05091964368,1323.81495794544,1415.95516376531,1370.14012347374,1402.59548928279
Comoros,COM,"Maternal mortality ratio (modeled estimate, per 100,000 live births)",SH.STA.MMRT,437,429,423,414,404,393,382,370,356,341,326,313,302,293,285,279,273,..,..,..
Comoros,COM,Population density (people per sq. km of land area),EN.POP.DNST,298.707684040838,306.007522837184,313.386888769479,320.918860827512,328.653949489522,336.60773777539,344.773777538958,353.157979580871,361.768404083826,370.605051047824,379.676518001075,388.965609887157,398.447608812466,408.054809242343,417.751209027405,427.510478237507,437.340139709833,447.24449220849,457.22246104245,467.272971520688
Comoros,COM,"Population, total",SP.POP.TOTL,555895,569480,583213,597230,611625,626427,641624,657227,673251,689696,706578,723865,741511,759390,777435,795597,813890,832322,850891,869595
Comoros,COM,"School enrollment, primary (% gross)",SE.PRM.ENRR,..,111.991317749023,110.33235168457,108.185089111328,..,..,103.973182678223,108.641242980957,..,..,108.02465057373,..,107.031791687012,104.974891662598,..,..,99.4475936889648,99.5066299438477,..,..
"Congo, Dem. Rep.",COD,GDP per capita (current US$),NY.GDP.PCAP.CD,153.591044080197,175.009951043154,173.796125167459,194.040002646806,218.386226715772,255.433043197206,286.330472470967,327.563721821663,298.619691614791,334.02157774666,387.082476958569,424.60037381496,457.963747509632,486.787095119436,497.317039077365,471.318822463486,467.07423172679,557.064411697928,580.716860516731,556.813185299175
"Congo, Dem. Rep.",COD,"Maternal mortality ratio (modeled estimate, per 100,000 live births)",SH.STA.MMRT,740,734,699,661,627,598,578,565,555,542,532,524,514,500,490,481,473,..,..,..
"Congo, Dem. Rep.",COD,Population density (people per sq. km of land area),EN.POP.DNST,21.3619170287378,21.9984870205774,22.6839209545445,23.4087774861604,24.166160428751,24.9566820317152,25.7840307889107,26.6474912331003,27.5461820427428,28.4792364526587,29.4458221036148,30.445181623696,31.4765020621513,32.5389581173772,33.6316058313668,34.7540327738691,35.9051476588518,37.0825927968064,38.2834820581813,39.5057030061093
"Congo, Dem. Rep.",COD,"Population, total",SP.POP.TOTL,48428534,49871670,51425583,53068869,54785894,56578046,58453687,60411195,62448572,64563853,66755151,69020749,71358804,73767445,76244532,78789130,81398765,84068092,86790568,89561404
"Congo, Dem. Rep.",COD,"School enrollment, primary (% gross)",SE.PRM.ENRR,..,66.962890625,..,..,..,..,93.1095123291016,101.443618774414,100.490921020508,99.9991607666016,101.162239074707,105.491050720215,106.553550720215,110.176651000977,107.977081298828,..,..,118.459609985352,..,..
"Congo, Rep.",COG,GDP per capita (current US$),NY.GDP.PCAP.CD,869.100501660447,916.588037755619,1028.41522164071,1326.59668816877,1834.88001382638,2153.49174337774,2262.85441019541,2892.41696234479,2336.16095749982,3073.55778366557,3557.5561698838,3923.09350860946,3883.74684788609,3776.48556785412,2447.53930825728,2039.45322287157,2173.68025252268,2601.41048286237,2359.17730900034,1972.54524619093
"Congo, Rep.",COG,"Maternal mortality ratio (modeled estimate, per 100,000 live births)",SH.STA.MMRT,752,769,757,724,677,623,580,552,526,506,488,468,449,433,416,397,378,..,..,..
"Congo, Rep.",COG,Population density (people per sq. km of land area),EN.POP.DNST,9.42292825768668,9.69363396778917,9.97632503660322,10.2795549048316,10.6084187408492,10.9667437774524,11.3502869692533,11.7466676427526,12.1387994143485,12.5146061493411,12.8692298682284,13.207019033675,13.5366237188873,13.8710541727672,14.2198916544656,14.5856398243045,14.9654494875549,15.3568462664715,15.7555021961933,16.1583953147877
"Congo, Rep.",COG,"Population, total",SP.POP.TOTL,3217930,3310376,3406915,3510468,3622775,3745143,3876123,4011487,4145400,4273738,4394842,4510197,4622757,4736965,4856093,4980996,5110701,5244363,5380504,5518092
"Congo, Rep.",COG,"School enrollment, primary (% gross)",SE.PRM.ENRR,101.243606567383,103.590301513672,97.9595108032227,109.313652038574,108.521209716797,108.734771728516,106.163146972656,103.77490234375,107.362777709961,109.160202026367,109.231872558594,106.640060424805,..,..,..,..,..,93.6956100463867,..,..
Cote d'Ivoire,CIV,GDP per capita (current US$),NY.GDP.PCAP.CD,664.708695041625,719.912984294849,871.666500798657,922.855273710099,931.200076305649,949.975827894716,1062.5569184225,1240.61489273127,1215.1667854037,1213.11299955211,1208.58319891729,1243.2734867584,1415.8716936035,1561.46441301901,1972.54568305836,2013.38144761651,2111.02655726645,2314.05095836881,2276.3323939018,2325.72370502247
Cote d'Ivoire,CIV,"Maternal mortality ratio (modeled estimate, per 100,000 live births)",SH.STA.MMRT,706,713,711,709,704,699,698,694,700,701,703,702,691,676,658,636,617,..,..,..
Cote d'Ivoire,CIV,Population density (people per sq. km of land area),EN.POP.DNST,52.9969402515723,54.1872295597484,55.3446949685535,56.5109842767296,57.7185943396226,58.9777169811321,60.2869496855346,61.6527295597484,63.0790786163522,64.5690062893082,66.1278364779874,67.7584528301887,69.4575660377358,71.2190943396226,73.0382012578616,74.9142327044025,76.8474056603774,78.8340440251572,80.8696666666667,82.9505503144654
Cote d'Ivoire,CIV,"Population, total",SP.POP.TOTL,16853027,17231539,17599613,17970493,18354513,18754914,19171250,19605568,20059147,20532944,21028652,21547188,22087506,22647672,23226148,23822726,24437475,25069226,25716554,26378275
Cote d'Ivoire,CIV,"School enrollment, primary (% gross)",SE.PRM.ENRR,76.1258697509766,76.4701309204102,71.8636703491211,..,..,68.5109634399414,68.9822006225586,72.73876953125,71.8310012817383,..,79.6928863525391,82.7346420288086,83.9913787841797,86.8001403808594,90.6590423583984,95.8866882324219,98.3680191040039,99.7997512817383,100.315338134766,100.457931518555
Equatorial Guinea,GNQ,GDP per capita (current US$),NY.GDP.PCAP.CD,2313.16593689273,2744.19148324865,3618.54447564811,6152.13123760173,10963.4063784924,12857.3688248227,15908.4111920336,22942.6101005186,16668.1216976014,17288.84259775,21641.6938980227,21711.1515946043,20390.737273789,19394.0806626191,11283.3980543871,9250.31649333951,9667.8578009346,10005.6167917268,8419.9333361253,7143.23870497146
Equatorial Guinea,GNQ,"Maternal mortality ratio (modeled estimate, per 100,000 live births)",SH.STA.MMRT,421,392,370,357,344,331,322,314,310,308,308,305,300,295,296,301,301,..,..,..
Equatorial Guinea,GNQ,Population density (people per sq. km of land area),EN.POP.DNST,22.5191443850267,23.4719429590018,24.4802139037433,25.559679144385,26.7211051693405,27.9677005347594,29.2936185383244,30.6894474153298,32.1422103386809,33.6413547237077,35.1822103386809,36.7626024955437,38.3747593582888,40.0097326203209,41.6604278074866,43.3219607843137,44.9913725490196,46.6654545454545,48.3416042780749,50.0172905525847
Equatorial Guinea,GNQ,"Population, total",SP.POP.TOTL,631662,658388,686670,716949,749527,784494,821686,860839,901589,943640,986861,1031191,1076412,1122273,1168575,1215181,1262008,1308966,1355982,1402985
Equatorial Guinea,GNQ,"School enrollment, primary (% gross)",SE.PRM.ENRR,107.201690673828,104.057983398438,94.7142105102539,..,90.0109176635742,..,..,72.1617736816406,70.1952972412109,69.3820495605469,67.9409027099609,69.1443099975586,..,..,61.7751502990723,..,..,..,..,..
Eritrea,ERI,GDP per capita (current US$),NY.GDP.PCAP.CD,316.823953429739,293.955672417246,334.585571541238,407.769076960812,388.595947483174,415.036030549833,439.8321033782,450.632398910533,595.109987185412,501.355316997143,642.508258796603,..,..,..,..,..,..,..,..,..
Eritrea,ERI,"Maternal mortality ratio (modeled estimate, per 100,000 live births)",SH.STA.MMRT,1180,1130,1060,938,804,705,635,605,583,567,558,549,540,530,518,498,480,..,..,..
Eritrea,ERI,Population density (people per sq. km of land area),EN.POP.DNST,23.5120891089109,24.5649405940594,25.752198019802,26.928801980198,27.9866633663366,28.8931584158416,29.6687128712871,30.3245742574257,30.890297029703,31.3904653465347,31.8214752475248,32.1792475247525,32.4896336633663,32.7865742574257,33.0972079207921,33.4312673267327,33.7910297029703,34.1861089108911,34.6249207920792,35.1131386138614
Eritrea,ERI,"Population, total",SP.POP.TOTL,2374721,2481059,2600972,2719809,2826653,2918209,2996540,3062782,3119920,3170437,3213969,..,..,..,..,..,..,..,..,..
Eritrea,ERI,"School enrollment, primary (% gross)",SE.PRM.ENRR,81.2486114501953,91.5184020996094,101.580680847168,108.568588256836,112.467231750488,111.950721740723,103.105072021484,97.449821472168,91.3832168579102,83.675666809082,86.2345428466797,87.2734298706055,92.2473678588867,79.8505477905273,76.161003112793,..,68.4745178222656,68.4338302612305,..,..
Eswatini,SWZ,GDP per capita (current US$),NY.GDP.PCAP.CD,1521.76912115585,1405.448752178,2148.63253981732,2699.13077186575,3083.83820178977,3176.69113970673,3327.44506589274,3137.38715075429,3385.85893520002,4168.48951837194,4496.61296226253,4527.68157283177,4230.32848638572,4038.55354029316,3679.81979771244,3425.52875915589,3914.42183869146,4105.89721234628,3894.66963029858,3415.45944624473
Eswatini,SWZ,"Maternal mortality ratio (modeled estimate, per 100,000 live births)",SH.STA.MMRT,528,534,538,539,532,518,496,474,460,450,441,435,432,434,435,436,437,..,..,..
Eswatini,SWZ,Population density (people per sq. km of land area),EN.POP.DNST,58.9306976744186,59.2473255813954,59.4648837209302,59.6678488372093,59.9171511627907,60.2380813953488,60.6192441860465,61.043488372093,61.4803488372093,61.9093604651163,62.3272674418605,62.7491279069767,63.1885465116279,63.6640697674419,64.1882558139535,64.7670930232558,65.3958139534884,66.0624418604651,66.7519186046512,67.4513953488372
Eswatini,SWZ,"Population, total",SP.POP.TOTL,1013608,1019054,1022796,1026287,1030575,1036095,1042651,1049948,1057462,1064841,1072029,1079285,1086843,1095022,1104038,1113994,1124808,1136274,1148133,1160164
Eswatini,SWZ,"School enrollment, primary (% gross)",SE.PRM.ENRR,104.992599487305,103.318458557129,103.274971008301,108.885818481445,111.773788452148,117.638076782227,120.266212463379,..,120.01545715332,124.907188415527,124.492233276367,123.650512695313,121.940376281738,120.723121643066,119.215377807617,116.795013427734,115.160140991211,114.693618774414,114.45629119873,..
Ethiopia,ETH,GDP per capita (current US$),NY.GDP.PCAP.CD,120.765783730897,111.927225125,119.49039595567,136.466250038215,162.43272862793,194.687432935553,244.286052292978,326.436822761984,380.569003212934,341.554122699663,354.4795719088,467.07787183328,499.531530164228,566.92640288853,640.541923075422,717.124869806118,768.523015429372,771.524866349431,855.760885186903,936.340461064749
Ethiopia,ETH,"Maternal mortality ratio (modeled estimate, per 100,000 live births)",SH.STA.MMRT,988,985,972,929,865,795,731,681,638,597,558,527,498,472,446,422,401,..,..,..
Ethiopia,ETH,Population density (people per sq. km of land area),EN.POP.DNST,68.159422,70.14209,72.170581,65.7414797928515,67.6039211946276,69.5016453275475,71.438280839387,73.4244999329019,75.4769442260609,77.6087666681226,79.8257902665678,82.1167304937433,84.4710832872732,86.8686577882268,89.2923683459568,91.7409815444749,94.21926014294,96.7186507391537,99.2461598282101,101.800711323583
Ethiopia,ETH,"Population, total",SP.POP.TOTL,68159422,70142090,72170581,74239508,76346310,78489205,80674343,82916236,85233923,87639962,90139928,92726982,95385793,98094264,100835453,103603461,106399926,109224410,112078727,114963583
Ethiopia,ETH,"School enrollment, primary (% gross)",SE.PRM.ENRR,60.5821800231934,63.7933387756348,65.0845184326172,67.9149932861328,79.0526123046875,83.2288970947266,89.0744400024414,94.7504119873047,93.4268188476563,91.6565322875977,94.2797164916992,94.2650604248047,..,99.2527618408203,100.971488952637,..,..,..,..,119.402976989746
Gabon,GAB,GDP per capita (current US$),NY.GDP.PCAP.CD,3993.03133624881,4141.43436559775,4933.46216999793,5739.61320363785,6891.36192038265,7221.36987650987,8458.3091787108,10254.1719573595,7721.01895290081,8849.32260799167,10809.6849503904,9813.50574650818,9683.58161951252,9663.42411002585,7384.70070393071,6984.41971208387,7230.43491161979,7956.62781558686,7767.01697942954,7005.87909704756
Gabon,GAB,"Maternal mortality ratio (modeled estimate, per 100,000 live births)",SH.STA.MMRT,370,361,356,354,348,340,336,332,324,314,304,292,277,267,261,256,252,..,..,..
Gabon,GAB,Population density (people per sq. km of land area),EN.POP.DNST,4.88224473163348,4.99984476268095,5.12262195831878,5.2539604921023,5.39663135017658,5.55029301043971,5.7149260682268,5.89334419994567,6.08889276982187,6.30320176970544,6.53793223891023,6.79037916715178,7.05192688322273,7.31090542166337,7.5588543485854,7.7924554662941,8.01339698063414,8.22476423332169,8.43162960375674,8.63790119144642
Gabon,GAB,"Population, total",SP.POP.TOTL,1258008,1288310,1319946,1353788,1390550,1430144,1472565,1518538,1568925,1624146,1684629,1749677,1817070,1883801,1947690,2007882,2064812,2119275,2172578,2225728
Gabon,GAB,"School enrollment, primary (% gross)",SE.PRM.ENRR,135.330856323242,140.881958007813,137.525375366211,..,..,..,..,..,..,..,139.933624267578,..,..,..,..,..,..,..,..,..
"Gambia, The",GMB,GDP per capita (current US$),NY.GDP.PCAP.CD,505.421636114705,411.771893943142,335.906216950504,642.756218338464,665.720215700547,662.362877179135,780.381050920518,924.509874593614,833.28136036521,860.636433851486,762.763117720034,742.777628631243,700.516042152833,607.429904651813,660.723571244322,690.780493152792,679.75507172296,732.720727318856,777.815245170251,787.006450894821
"Gambia, The",GMB,"Maternal mortality ratio (modeled estimate, per 100,000 live births)",SH.STA.MMRT,905,876,843,802,756,716,690,675,668,661,656,650,644,637,625,611,597,..,..,..
"Gambia, The",GMB,Population density (people per sq. km of land area),EN.POP.DNST,134.394268774704,138.761166007905,143.273221343874,147.877865612648,152.543972332016,157.257312252964,162.040118577075,166.925691699605,171.964130434783,177.193577075099,182.622727272727,188.243083003953,194.042292490119,200.003656126482,206.112648221344,212.365019762846,218.764822134387,225.305533596838,231.985770750988,238.800790513834
"Gambia, The",GMB,"Population, total",SP.POP.TOTL,1360070,1404263,1449925,1496524,1543745,1591444,1639846,1689288,1740277,1793199,1848142,1905020,1963708,2024037,2085860,2149134,2213900,2280092,2347696,2416664
"Gambia, The",GMB,"School enrollment, primary (% gross)",SE.PRM.ENRR,80.2987899780273,77.5964736938477,80.6445770263672,81.51904296875,79.6480484008789,78.7512130737305,81.1555786132813,80.2909469604492,79.7277069091797,79.784912109375,77.926399230957,81.2006072998047,82.9838333129883,86.7409896850586,90.0451278686523,92.0222091674805,95.2371063232422,98.0143814086914,101.659973144531,103.526229858398
Ghana,GHA,GDP per capita (current US$),NY.GDP.PCAP.CD,269.014984764581,304.564635977066,367.821362113662,417.508066727662,492.54405617264,913.393849309942,1081.16631826269,1217.06443549146,1077.66205832571,1299.34521164062,1549.46271883345,1587.56093185809,2361.09032361113,1899.66833614134,1705.57508204519,1913.47353585435,2020.68178984221,2194.23247709545,2210.35592258865,2328.53464211079
Ghana,GHA,"Maternal mortality ratio (modeled estimate, per 100,000 live births)",SH.STA.MMRT,445,415,398,384,371,359,349,342,339,339,339,336,331,325,320,314,308,..,..,..
Ghana,GHA,Population density (people per sq. km of land area),EN.POP.DNST,86.8283774281445,88.9794146084205,91.1941109255516,93.4883009580733,95.8717060736574,98.3521886261756,100.922677331458,103.559075327415,106.227225982245,108.902232574492,111.57472532302,114.250039553485,116.936103542234,119.647007119627,122.392559549969,125.1733629252,127.983932495385,130.821429199262,133.681365913686,136.560363013097
Ghana,GHA,"Population, total",SP.POP.TOTL,19756929,20246376,20750308,21272328,21814648,22379057,22963946,23563832,24170943,24779614,25387713,25996454,26607641,27224480,27849203,28481947,29121464,29767108,30417858,31072945
Ghana,GHA,"School enrollment, primary (% gross)",SE.PRM.ENRR,77.9119873046875,81.0046997070313,77.6126174926758,80.7633209228516,86.546760559082,90.6660079956055,95.58154296875,101.023002624512,100.291130065918,..,102.970809936523,106.687911987305,106.100799560547,104.587448120117,108.337890625,106.727966308594,105.509880065918,103.568466186523,104.841407775879,103.442001342773
Guinea,GIN,GDP per capita (current US$),NY.GDP.PCAP.CD,336.154020658897,343.602631207699,393.739689850048,407.300975937447,322.415540033465,453.403713311328,659.992930974615,715.096526700401,674.085482595431,672.424930360214,651.136113367479,717.050535938187,769.003166698026,787.238564407376,769.255475433161,732.291511901218,855.575270552367,955.11128113689,1058.14336817318,1194.03786469464
Guinea,GIN,"Maternal mortality ratio (modeled estimate, per 100,000 live births)",SH.STA.MMRT,1070,1090,1080,1020,920,831,772,754,750,747,748,744,731,767,699,621,576,..,..,..
Guinea,GIN,Population density (people per sq. km of land area),EN.POP.DNST,34.2547696565196,34.9425240110695,35.6222407618427,36.3247965163601,37.0730302783656,37.8781580660915,38.7357927722611,39.6337131694612,40.5521325085463,41.4787888653752,42.4078585381735,43.3502848770959,44.3302173205274,45.3807992837376,46.5248901188344,47.7715855445222,49.1108416083347,50.5221064626404,51.9747924466873,53.446166368224
Guinea,GIN,"Population, total",SP.POP.TOTL,8417082,8586077,8753097,8925729,9109585,9307421,9518159,9738796,9964470,10192168,10420459,10652032,10892821,11150970,11432096,11738434,12067516,12414292,12771246,13132792
Guinea,GIN,"School enrollment, primary (% gross)",SE.PRM.ENRR,61.2746696472168,69.6943283081055,73.0269393920898,76.0802307128906,78.1001815795898,79.6461029052734,81.7479095458984,82.7778472900391,82.3814315795898,84.2496795654297,87.285530090332,89.2085266113281,91.1446914672852,92.7637405395508,..,91.5091705322266,..,..,..,100.785369873047
Guinea-Bissau,GNB,GDP per capita (current US$),NY.GDP.PCAP.CD,319.957449358104,333.058579332506,372.056194872066,405.075118373342,436.475220248958,430.003940275091,493.721993219248,599.995237190988,559.414570857329,558.174668134758,703.66056725746,616.37566403413,634.662039138969,623.313091387687,603.399381547733,661.457838679603,738.549944890782,802.767385116156,749.453747028806,727.520171719562
Guinea-Bissau,GNB,"Maternal mortality ratio (modeled estimate, per 100,000 live births)",SH.STA.MMRT,1180,1150,1110,1050,979,912,860,827,800,779,762,744,726,711,694,679,667,..,..,..
Guinea-Bissau,GNB,Population density (people per sq. km of land area),EN.POP.DNST,43.6381578947368,44.6107396870555,45.6364509246088,46.7102418207681,47.8282716927454,48.9894025604552,50.1971906116643,51.4557610241821,52.7709815078236,54.1466216216216,55.5830725462304,57.0761379800853,58.6151849217639,60.1860953058321,61.7783428165007,63.3866998577525,65.0123044096728,66.6537695590327,68.3114153627312,69.9857041251778
Guinea-Bissau,GNB,"Population, total",SP.POP.TOTL,1227105,1254454,1283297,1313492,1344931,1377582,1411545,1446936,1483920,1522603,1562996,1604981,1648259,1692433,1737207,1782434,1828146,1874304,1920917,1967998
Guinea-Bissau,GNB,"School enrollment, primary (% gross)",SE.PRM.ENRR,89.8494873046875,..,..,108.722427368164,116.306221008301,122.443809509277,..,..,..,118.685180664063,..,..,..,..,..,..,..,..,..,..
Kenya,KEN,GDP per capita (current US$),NY.GDP.PCAP.CD,395.329471608887,389.542630201236,429.787818950371,451.668766613608,511.616394301253,685.954422921829,825.666554958746,902.06995780481,905.131653352153,951.687779975318,971.633036511422,1136.86989308435,1210.38543482726,1315.80222496925,1336.88326508851,1410.53202527561,1572.34573373101,1708.00142830255,1816.54712375218,1838.20996794042
Kenya,KEN,"Maternal mortality ratio (modeled estimate, per 100,000 live births)",SH.STA.MMRT,702,692,678,653,618,583,545,513,472,432,398,373,364,358,353,346,342,..,..,..
Kenya,KEN,Population density (people per sq. km of land area),EN.POP.DNST,57.7161489264504,59.303064272411,60.9318990055171,62.6124802333345,64.3512966932565,66.1507520118073,68.0077555610219,69.9159855220157,71.8659697086833,73.8494641037355,75.8658150894332,77.9131127666303,79.9802965878343,82.0537354605194,84.1240099096883,86.1853515830903,88.2404083353832,90.2986435674878,92.3744017289243,94.4781600309238
Kenya,KEN,"Population, total",SP.POP.TOTL,32848569,33751746,34678781,35635267,36624897,37649039,38705934,39791984,40901798,42030684,43178270,44343469,45519986,46700063,47878339,49051531,50221146,51392570,52573967,53771300
Kenya,KEN,"School enrollment, primary (% gross)",SE.PRM.ENRR,94.3810501098633,88.2417907714844,101.822418212891,100.443893432617,99.3462905883789,96.347541809082,102.365493774414,102.284797668457,103.914497375488,..,..,109.41773223877,..,105.753410339355,103.661567687988,103.205337524414,..,..,..,..
Lesotho,LSO,GDP per capita (current US$),NY.GDP.PCAP.CD,405.605712148955,382.189608635899,573.651778082285,753.375904380843,842.812630961302,904.606129755869,846.542320764829,889.134285513762,874.729860474201,1119.84364083093,1287.26953644869,1229.63623247423,1166.9117557183,1194.5756269342,1146.06468787308,1018.93109291945,1102.94441037887,1192.4843195181,1113.37214033581,861.014548091526
Lesotho,LSO,"Maternal mortality ratio (modeled estimate, per 100,000 live births)",SH.STA.MMRT,633,653,671,680,679,668,652,623,607,594,585,586,583,579,574,559,544,..,..,..
Lesotho,LSO,Population density (people per sq. km of land area),EN.POP.DNST,67.0532938076416,66.8587615283268,66.4807312252964,66.072233201581,65.7481884057971,65.5445652173913,65.4455204216074,65.4522397891963,65.5512187088274,65.7304018445323,66.0010869565217,66.3698287220026,66.8158102766798,67.3072463768116,67.8198616600791,68.3478590250329,68.8910408432148,69.4442358366271,70.0022068511199,70.5616600790514
Lesotho,LSO,"Population, total",SP.POP.TOTL,2035738,2029832,2018355,2005953,1996115,1989933,1986926,1987130,1990135,1995575,2003793,2014988,2028528,2043448,2059011,2075041,2091532,2108327,2125267,2142252
Lesotho,LSO,"School enrollment, primary (% gross)",SE.PRM.ENRR,112.410453796387,116.073226928711,122.331161499023,124.96166229248,127.054779052734,130.614105224609,125.227767944336,125.069396972656,124.011688232422,124.746772766113,123.095230102539,121.289253234863,117.203941345215,116.585823059082,116.634521484375,117.695266723633,120.897499084473,..,..,..
Liberia,LBR,GDP per capita (current US$),NY.GDP.PCAP.CD,306.710251570113,306.473939631577,243.089577534363,286.064725253488,294.893220066163,336.11567425435,396.601761281558,478.399540115575,470.948121388477,513.44556667507,596.89663532503,657.935779084461,721.929545608081,721.182298552956,710.384016560869,714.623392230031,698.702358713664,677.322319098497,621.892953622715,583.271727316711
Liberia,LBR,"Maternal mortality ratio (modeled estimate, per 100,000 live births)",SH.STA.MMRT,913,1010,878,837,816,782,754,738,724,708,694,683,674,688,691,661,661,..,..,..
Liberia,LBR,Population density (people per sq. km of land area),EN.POP.DNST,30.6678571428571,31.4028965946844,31.9461690199336,32.5545473421927,33.4106519933555,34.5640676910299,35.9417670265781,37.4570494186047,38.9755917774086,40.4003010797342,41.7093646179402,42.9366901993356,44.1064887873754,45.2606727574751,46.4309489202658,47.6203073089701,48.8187707641196,50.0308970099668,51.2601121262459,52.5091050664452
Liberia,LBR,"Population, total",SP.POP.TOTL,2953928,3024727,3077055,3135654,3218114,3329211,3461911,3607863,3754129,3891357,4017446,4135662,4248337,4359508,4472229,4586788,4702224,4818976,4937374,5057677
Liberia,LBR,"School enrollment, primary (% gross)",SE.PRM.ENRR,..,..,..,..,..,95.1388320922852,..,95.8092422485352,102.363586425781,..,105.121139526367,..,..,97.422492980957,95.3327102661133,89.4702072143555,85.1091918945313,..,..,..
Madagascar,MDG,GDP per capita (current US$),NY.GDP.PCAP.CD,334.441617716753,319.216378750957,368.797236936755,284.48772631736,319.537475081164,338.751198261085,438.65551579131,536.351379012958,467.539800351514,471.959197029823,531.265498542052,518.15295430212,541.06605856927,530.861120641159,467.23555367358,475.955608372416,515.293309281062,518.401122965529,526.224572187396,495.490400891458
Madagascar,MDG,"Maternal mortality ratio (modeled estimate, per 100,000 live births)",SH.STA.MMRT,552,547,543,539,526,513,503,491,474,453,432,413,394,378,363,348,335,..,..,..
Madagascar,MDG,Population density (people per sq. km of land area),EN.POP.DNST,27.9618478522544,28.8288372252983,29.7127265536335,30.6135295938371,31.5313168483681,32.4659782646078,33.4173401657668,34.3853836365512,35.3700777246621,36.37177150325,37.3739375553245,38.4098196100001,39.465897215538,40.5464025438295,41.6536266758336,42.7885355792369,43.9506892402888,45.1397610862839,46.3549432794775,47.5954262633207
Madagascar,MDG,"Population, total",SP.POP.TOTL,16260933,16765122,17279139,17802992,18336722,18880265,19433520,19996476,20569115,21151640,21743970,22346641,22961259,23589897,24234080,24894370,25570511,26262313,26969306,27691019
Madagascar,MDG,"School enrollment, primary (% gross)",SE.PRM.ENRR,102.534820556641,103.30052947998,118.254737854004,134.49235534668,138.899475097656,138.405807495117,139.236770629883,142.004898071289,149.307495117188,143.718048095703,143.411895751953,143.978134155273,143.894454956055,145.247863769531,147.314193725586,143.824188232422,..,142.534286499023,134.061462402344,..
Malawi,MWI,GDP per capita (current US$),NY.GDP.PCAP.CD,150.148942630026,298.433410422534,267.399011935959,282.567107568989,289.555214787188,308.163618229107,332.259094554424,387.60572119129,438.211856815356,478.668688469613,534.951050199388,391.561705197224,348.429873679261,371.269521706741,380.596987683774,315.777987100071,497.310409707697,535.351345663708,583.110203584039,625.29412916014
Malawi,MWI,"Maternal mortality ratio (modeled estimate, per 100,000 live births)",SH.STA.MMRT,735,714,687,654,610,566,526,493,466,444,428,413,396,381,370,358,349,..,..,..
Malawi,MWI,Population density (people per sq. km of land area),EN.POP.DNST,121.255844293594,124.243349596945,127.282382265592,130.481936784048,133.919707254985,137.608114128129,141.512600763683,145.607753500212,149.853213831141,154.217320746712,158.698748408994,163.300912176496,168.002619855749,172.77842596521,177.612484089945,182.491016122189,187.422496817989,192.439700890963,197.589616037336,202.905759439966
Malawi,MWI,"Population, total",SP.POP.TOTL,11432001,11713663,12000183,12301837,12625950,12973693,13341808,13727899,14128161,14539609,14962118,15396010,15839287,16289550,16745305,17205253,17670193,18143215,18628749,19129955
Malawi,MWI,"School enrollment, primary (% gross)",SE.PRM.ENRR,143.959213256836,140.367736816406,..,132.808944702148,130.482437133789,129.772735595703,126.552177429199,133.626495361328,131.959121704102,138.75146484375,140.620193481445,141.435485839844,146.914947509766,147.395782470703,146.396820068359,144.532943725586,145.488876342773,142.457824707031,144.810989379883,..
Mali,MLI,GDP per capita (current US$),NY.GDP.PCAP.CD,307.705825797048,336.417187313256,393.406772956044,440.958449506518,489.022820909143,523.043008265274,597.479838805985,697.087868500301,701.712040297053,710.274249372168,837.605820999201,778.625269510972,805.03397960822,848.279042956769,751.47288662264,780.723569528087,830.021515346886,894.804776510366,879.122775162059,858.915805496235
Mali,MLI,"Maternal mortality ratio (modeled estimate, per 100,000 live births)",SH.STA.MMRT,797,764,739,715,691,675,663,661,661,660,663,663,663,642,620,590,562,..,..,..
Mali,MLI,Population density (people per sq. km of land area),EN.POP.DNST,9.23758021291766,9.52055827371147,9.82034928986469,10.1370098099476,10.4700980994763,10.8207557839353,11.187974823593,11.566705185258,11.9501282587138,12.3336136175514,12.7148993189585,13.0959047361476,13.4813873249248,13.8783410780288,14.2918496299757,14.7234840475664,15.1717593161721,15.6350691285783,16.1106245748613,16.5964595677722
Mali,MLI,"Population, total",SP.POP.TOTL,11271603,11616890,11982692,12369078,12775509,13203378,13651455,14113578,14581427,15049352,15514593,15979492,16449854,16934213,17438772,17965448,18512429,19077755,19658023,20250834
Mali,MLI,"School enrollment, primary (% gross)",SE.PRM.ENRR,62.5282516479492,66.1688995361328,67.6908416748047,70.7546920776367,73.935546875,76.760009765625,79.2875137329102,81.2726669311523,82.7104110717773,83.4273300170898,84.1955490112305,80.9080505371094,76.0629272460938,77.0761108398438,75.6831817626953,77.1702575683594,80.1707763671875,75.6006011962891,..,..
Mauritania,MRT,GDP per capita (current US$),NY.GDP.PCAP.CD,646.1151155329,639.667582877101,717.899867608237,803.777915575114,970.842360719242,1259.54150505961,1357.12428510502,1579.51154806573,1389.33853309998,1610.92160333629,1879.77247186677,1815.21893947923,1892.09400026444,1677.10901942794,1524.07175254803,1536.85488788877,1577.86437020455,1601.29193164614,1679.44260484157,1672.9235348238
Mauritania,MRT,"Maternal mortality ratio (modeled estimate, per 100,000 live births)",SH.STA.MMRT,835,836,836,830,826,821,820,819,822,824,822,812,805,796,785,777,766,..,..,..
Mauritania,MRT,Population density (people per sq. km of land area),EN.POP.DNST,2.62191229261667,2.69534976229747,2.7720481226351,2.85169884544484,2.93412050063064,3.01921800717959,3.10712331425245,3.19805666052198,3.29233336567381,3.39012321723101,3.49145823226933,3.59615309983506,3.70379062772873,3.81381003201708,3.92578247792762,4.03951877364898,4.15502280003881,4.27215678664985,4.39089744833608,4.51116716794412
Mauritania,MRT,"Population, total",SP.POP.TOTL,2702405,2778097,2857150,2939246,3024198,3111908,3202512,3296237,3393408,3494200,3598646,3706555,3817497,3930894,4046304,4163532,4282582,4403312,4525698,4649660
Mauritania,MRT,"School enrollment, primary (% gross)",SE.PRM.ENRR,82.7275009155273,84.6483993530273,87.0769271850586,93.7812728881836,93.6815719604492,96.2439727783203,97.5992431640625,93.2776184082031,98.5806579589844,99.6779174804688,98.2115936279297,98.8945465087891,99.0222320556641,100.402122497559,104.511032104492,96.8344192504883,96.6590423583984,99.8917617797852,100.408630371094,..
Mauritius,MUS,GDP per capita (current US$),NY.GDP.PCAP.CD,3856.62522686864,4018.94889731864,4793.71817900161,5388.06578367365,5282.90602155635,5695.96932704928,6574.65433811493,8030.06300537304,7318.12640972422,8000.37643182154,9197.04299089459,9291.23637906451,9637.01572897807,10153.9326919124,9260.44730250635,9681.62310691029,10484.9058280992,11208.3273037494,11097.5869332309,8622.67551491013
Mauritius,MUS,"Maternal mortality ratio (modeled estimate, per 100,000 live births)",SH.STA.MMRT,54,54,57,54,53,55,56,53,59,66,54,63,60,70,73,67,61,..,..,..
Mauritius,MUS,Population density (people per sq. km of land area),EN.POP.DNST,589.303940886699,593.409359605911,597.71921182266,601.479310344828,605.051231527094,607.879802955665,610.655172413793,612.867487684729,614.497044334975,615.960591133005,616.947783251231,618.661083743842,620.026108374384,621.149753694581,621.972906403941,622.400492610837,622.962068965517,623.30197044335,623.502955665025,623.51724137931
Mauritius,MUS,"Population, total",SP.POP.TOTL,1196287,1204621,1213370,1221003,1228254,1233996,1239630,1244121,1247429,1250400,1252404,1255882,1258653,1260934,1262605,1263473,1264613,1265303,1265711,1265740
Mauritius,MUS,"School enrollment, primary (% gross)",SE.PRM.ENRR,102.369812011719,101.501457214355,101.414619445801,102.042037963867,103.225540161133,103.93522644043,103.58748626709,103.78800201416,102.788459777832,102.786018371582,102.989379882813,102.998390197754,101.955047607422,102.447341918945,102.920539855957,102.453407287598,101.525238037109,101.107597351074,99.5205612182617,..
Mozambique,MOZ,GDP per capita (current US$),NY.GDP.PCAP.CD,296.268406913079,302.545233699878,326.075190861329,383.270221899038,416.809824183966,435.334063299058,482.198563648376,563.649634288657,520.402631609141,471.904343344477,594.586147098683,657.644676541878,664.077510357336,673.96921195694,589.85904996253,428.926672944529,461.415094120589,503.317925171139,503.57065659174,448.607453580724
Mozambique,MOZ,"Maternal mortality ratio (modeled estimate, per 100,000 live births)",SH.STA.MMRT,745,700,657,615,577,539,505,471,439,412,389,371,356,339,318,301,289,..,..,..
Mozambique,MOZ,Population density (people per sq. km of land area),EN.POP.DNST,23.1718558457743,23.8614245021491,24.5823863780869,25.3192464203057,26.0610989597904,26.8065159337725,27.5608726061192,28.3280297057402,29.1140644472138,29.923913375213,30.7580304687301,31.61661410514,32.5043261527506,33.4268318115924,34.3879562043796,35.3899259899794,36.4315051247489,37.5085950812584,38.6149736768483,39.745968870012
Mozambique,MOZ,"Population, total",SP.POP.TOTL,18221884,18764147,19331097,19910549,20493927,21080108,21673319,22276596,22894718,23531567,24187500,24862673,25560752,26286192,27042001,27829930,28649007,29496009,30366043,31255435
Mozambique,MOZ,"School enrollment, primary (% gross)",SE.PRM.ENRR,82.1719818115234,84.974006652832,..,93.8334197998047,100.371620178223,102.430732727051,108.182220458984,112.051933288574,111.904968261719,112.532577514648,108.219741821289,106.901786804199,107.855392456055,107.598022460938,108.62914276123,108.646560668945,107.813247680664,112.60498046875,116.381141662598,118.419631958008
Namibia,NAM,GDP per capita (current US$),NY.GDP.PCAP.CD,1950.64853572359,1808.88490054073,2621.70039166966,3464.41822241747,3739.5317179479,4059.10134906269,4405.41039694041,4212.3671945981,4295.3871437954,5394.99671137475,5806.74824519587,5942.29273969968,5392.09494015959,5469.90140143946,4896.61525956702,4546.98668737434,5367.11467314944,5587.98561266432,5037.34262919263,4211.05092913395
Namibia,NAM,"Maternal mortality ratio (modeled estimate, per 100,000 live births)",SH.STA.MMRT,352,356,359,358,346,328,306,284,276,266,256,240,231,223,217,207,195,..,..,..
Namibia,NAM,Population density (people per sq. km of land area),EN.POP.DNST,2.21509674598258,2.24892686659622,2.28244361039245,2.31721143218064,2.3543538728759,2.39443938344933,2.43719224088717,2.48197111588869,2.52771077020248,2.57367027414398,2.61960912922542,2.66586136112427,2.71290310826076,2.76139149024038,2.81176863559621,2.86417179851571,2.918319182791,2.97380024049849,3.02994570564443,3.08629523011333
Namibia,NAM,"Population, total",SP.POP.TOTL,1823667,1851519,1879113,1907737,1938316,1971318,2006516,2043382,2081039,2118877,2156698,2194777,2233506,2273426,2314901,2358044,2402623,2448300,2494524,2540916
Namibia,NAM,"School enrollment, primary (% gross)",SE.PRM.ENRR,115.251266479492,115.994972229004,116.021507263184,113.603256225586,113.303253173828,112.38395690918,114.281410217285,114.025901794434,114.495376586914,115.193130493164,..,118.883201599121,121.060173034668,..,..,..,124.179168701172,124.248390197754,..,..
Niger,NER,GDP per capita (current US$),NY.GDP.PCAP.CD,208.37705993638,228.235908596278,268.349892996455,286.490065814065,321.723661184348,336.281950277799,390.284480245482,478.502558952437,464.057998970917,476.869532167304,512.595335012861,529.744458141694,552.569138963417,564.596748802018,484.238632609296,498.105337934855,517.977044176666,572.430138463628,553.894955335826,565.06133311838
Niger,NER,"Maternal mortality ratio (modeled estimate, per 100,000 live births)",SH.STA.MMRT,803,795,782,770,755,739,725,709,688,663,639,616,594,573,555,530,509,..,..,..
Niger,NER,Population density (people per sq. km of land area),EN.POP.DNST,9.27714849609221,9.62342148890819,9.984986974027,10.3622909923423,10.7558806347201,11.1659974737507,11.5934349096076,12.0398776347991,12.5074058577406,12.9975724323044,13.5113049656588,14.048479513697,14.6082632035999,15.189217652167,15.7903710428673,16.4117699534223,17.0540680508408,17.7175582221521,18.4027149285545,19.1099992105471
Niger,NER,"Population, total",SP.POP.TOTL,11751364,12189988,12647983,13125914,13624474,14143969,14685404,15250913,15843131,16464025,17114770,17795209,18504287,19240182,20001663,20788789,21602388,22442831,23310719,24206636
Niger,NER,"School enrollment, primary (% gross)",SE.PRM.ENRR,35.3717613220215,39.5392112731934,42.721019744873,46.6408996582031,48.3564910888672,48.9872589111328,51.3799705505371,55.2114295959473,59.0119018554688,62.7083587646484,66.5189437866211,68.3943710327148,69.1492233276367,69.5759735107422,71.5959091186523,73.4323272705078,74.736198425293,..,66.415412902832,..
Nigeria,NGA,GDP per capita (current US$),NY.GDP.PCAP.CD,590.381815034907,741.747493876339,795.386228652408,1007.87434241216,1268.38346158479,1656.42479354329,1883.46138847202,2242.87190046259,1891.33529693097,2280.43733738126,2487.59801680379,2723.82219093859,2961.54942175947,3098.98579063938,2687.48005643212,2176.00277201515,1968.56539847444,2027.77854863842,2229.8586518613,2097.09247289022
Nigeria,NGA,"Maternal mortality ratio (modeled estimate, per 100,000 live births)",SH.STA.MMRT,1200,1180,1170,1130,1080,1040,1010,996,987,978,972,963,951,943,931,925,917,..,..,..
Nigeria,NGA,Population density (people per sq. km of land area),EN.POP.DNST,137.679157196658,141.194899919848,144.823208933101,148.578038363143,152.469903488257,156.503074321728,160.677197316556,164.991844263645,169.44446896582,174.032086037089,178.755426726836,183.612550918454,188.594067657037,193.687682949592,198.883860908901,204.179149510853,209.573489464958,215.064928576918,220.652418283431,226.335504024068
Nigeria,NGA,"Population, total",SP.POP.TOTL,125394046,128596079,131900634,135320420,138865014,142538305,146339971,150269622,154324939,158503203,162805080,167228803,171765819,176404931,181137454,185960244,190873247,195874685,200963603,206139587
Nigeria,NGA,"School enrollment, primary (% gross)",SE.PRM.ENRR,96.3755722045898,98.0053100585938,99.4670562744141,100.676986694336,101.365081787109,102.108131408691,93.3100433349609,84.1386413574219,85.3878402709961,85.1178512573242,90.6712417602539,92.0911407470703,94.1185302734375,90.1035537719727,..,84.7256393432617,..,87.454231262207,..,..
Rwanda,RWA,GDP per capita (current US$),NY.GDP.PCAP.CD,238.781277816552,233.151263623832,249.743313122503,273.633690278611,331.690113448529,366.894392401644,438.664184462988,543.545356504914,579.726615038344,609.724917020252,668.494672193863,725.169770255329,722.894328508749,743.559037978437,751.077392617885,744.760748755977,772.316989145919,783.637162814808,820.149288558594,797.855554346228
Rwanda,RWA,"Maternal mortality ratio (modeled estimate, per 100,000 live births)",SH.STA.MMRT,1100,961,870,758,643,541,469,427,424,373,349,329,308,291,275,260,248,..,..,..
Rwanda,RWA,Population density (people per sq. km of land area),EN.POP.DNST,333.650182407783,341.591447101743,346.865018240778,351.865261451155,358.338873125253,366.572436157276,375.912403729226,386.07750304013,396.545196595055,406.945196595055,417.240899878395,427.631455208756,438.246372111877,449.275597892177,460.845804620997,472.996716659911,485.648966355898,498.661086339684,511.833725172274,525.018605593839
Rwanda,RWA,"Population, total",SP.POP.TOTL,8231150,8427061,8557160,8680516,8840220,9043342,9273759,9524532,9782770,10039338,10293333,10549668,10811538,11083629,11369066,11668829,11980960,12301969,12626938,12952209
Rwanda,RWA,"School enrollment, primary (% gross)",SE.PRM.ENRR,109.921257019043,113.049743652344,120.323387145996,128.668655395508,133.61311340332,142.597534179688,148.463500976563,147.746139526367,149.271362304688,148.230285644531,147.707580566406,147.565963745117,144.3056640625,140.38752746582,139.624359130859,141.278686523438,137.68180847168,133.041549682617,131.311874389648,..
Sao Tome and Principe,STP,GDP per capita (current US$),NY.GDP.PCAP.CD,524.669872100335,577.628403970454,678.737963932546,745.320299910865,866.504995638803,883.097041341426,896.867791263475,1098.75521904166,1067.90805262233,1090.26076257543,1254.54159767468,1330.62011395181,1564.768547927,1770.46768807179,1584.77565743788,1700.09799666364,1813.80743359704,1953.5132573676,1987.57970166818,2157.84044569668
Sao Tome and Principe,STP,"Maternal mortality ratio (modeled estimate, per 100,000 live births)",SH.STA.MMRT,173,169,167,166,163,158,154,150,145,140,137,134,132,131,130,130,130,..,..,..
Sao Tome and Principe,STP,Population density (people per sq. km of land area),EN.POP.DNST,150.791666666667,153.59375,156.671875,160.141666666667,164.033333333333,168.4125,173.226041666667,178.252083333333,183.205208333333,187.8875,192.209375,196.24375,200.079166666667,203.882291666667,207.748958333333,211.688541666667,215.714583333333,219.825,224.008333333333,228.292708333333
Sao Tome and Principe,STP,"Population, total",SP.POP.TOTL,144760,147450,150405,153736,157472,161676,166297,171122,175877,180372,184521,188394,192076,195727,199439,203221,207086,211032,215048,219161
Sao Tome and Principe,STP,"School enrollment, primary (% gross)",SE.PRM.ENRR,..,120.645568847656,123.368927001953,124.59317779541,125.630882263184,..,119.402931213379,120.098777770996,120.066093444824,116.59204864502,116.007369995117,107.579750061035,107.075042724609,103.932136535645,105.266586303711,106.188537597656,106.791542053223,..,..,..
Senegal,SEN,GDP per capita (current US$),NY.GDP.PCAP.CD,651.609874311563,684.323020325163,835.790593533104,937.402309565335,998.121554115451,1031.37992781889,1198.39281147582,1403.94938456653,1308.93780804914,1271.58328084525,1366.77450070807,1317.77980180538,1372.66577931902,1396.65733855586,1219.24941513302,1269.90329385985,1361.70197218375,1458.06909258145,1430.14825900162,1487.7573088192
Senegal,SEN,"Maternal mortality ratio (modeled estimate, per 100,000 live births)",SH.STA.MMRT,545,537,532,526,519,514,504,492,472,447,423,400,381,364,346,330,315,..,..,..
Senegal,SEN,Population density (people per sq. km of land area),EN.POP.DNST,52.1274710434737,53.4134628369605,54.7523502830728,56.1475406430167,57.6020516283177,59.1194722900327,60.7026333558406,62.3523606710642,64.0684153118994,65.850220744819,67.697574403989,69.6098789798992,71.5858775255804,73.6235391886979,75.7204072092661,77.8762478574768,80.0880590037916,82.3472913312211,84.6432348205474,86.9679011063211
Senegal,SEN,"Population, total",SP.POP.TOTL,10036102,10283694,10541470,10810086,11090123,11382272,11687078,12004700,12335092,12678143,13033814,13401990,13782429,14174740,14578450,14993514,15419354,15854324,16296362,16743930
Senegal,SEN,"School enrollment, primary (% gross)",SE.PRM.ENRR,71.2180404663086,72.1702728271484,76.0498199462891,78.120491027832,79.9345016479492,80.0220336914063,83.5587463378906,84.0872573852539,83.8946304321289,84.0348815917969,86.9881286621094,86.8044586181641,84.5947265625,85.5735015869141,84.9339828491211,..,..,..,82.0738525390625,83.0092086791992
Seychelles,SYC,GDP per capita (current US$),NY.GDP.PCAP.CD,7663.13708026446,8331.2619970042,8524.96123557779,10176.6587120064,11092.5107357824,12014.3998729502,12154.8299372808,11122.8620677142,9706.95605963959,10804.6844747547,12189.0951601357,12006.68296237,14765.6739800428,14700.3343408386,14745.3414620288,15068.6203494184,15906.0839118192,16390.8249080053,16198.5174764957,11425.0929292519
Seychelles,SYC,"Maternal mortality ratio (modeled estimate, per 100,000 live births)",SH.STA.MMRT,54,54,54,55,55,55,55,55,55,55,55,55,55,55,54,54,53,..,..,..
Seychelles,SYC,Population density (people per sq. km of land area),EN.POP.DNST,176.526086956522,182.00652173913,179.958695652174,179.29347826087,180.126086956522,183.913043478261,184.854347826087,189.034782608696,189.778260869565,195.152173913043,190.089130434783,191.963043478261,195.541304347826,198.60652173913,203.084782608696,205.819565217391,208.354347826087,210.352173913043,212.228260869565,214.047826086957
Seychelles,SYC,"Population, total",SP.POP.TOTL,81202,83723,82781,82475,82858,84600,85033,86956,87298,89770,87441,88303,89949,91359,93419,94677,95843,96762,97625,98462
Seychelles,SYC,"School enrollment, primary (% gross)",SE.PRM.ENRR,105.047248840332,105.457527160645,106.268218994141,102.580047607422,109.129707336426,107.256813049316,107.703521728516,107.71125793457,107.840438842773,110.431793212891,110.468811035156,109.267860412598,106.842231750488,105.558219909668,104.373107910156,101.900672912598,99.8453216552734,100.379493713379,100.363677978516,100.794998168945
Sierra Leone,SLE,GDP per capita (current US$),NY.GDP.PCAP.CD,229.37565952613,252.396006970341,266.446905426105,266.569371315474,292.349066330563,323.389018440273,360.371660481482,408.481008463935,391.200942951228,401.834876099443,448.337662148696,566.378235059355,716.835826906915,714.699795733977,588.228862794816,501.415165523953,499.380974567747,533.991533265984,527.534174544671,484.521267483585
Sierra Leone,SLE,"Maternal mortality ratio (modeled estimate, per 100,000 live births)",SH.STA.MMRT,2250,2080,1960,1850,1760,1680,1610,1530,1450,1360,1270,1210,1180,1190,1180,1120,1120,..,..,..
Sierra Leone,SLE,Population density (people per sq. km of land area),EN.POP.DNST,65.8640759213078,68.7970351898033,72.0569963978942,75.2839429204766,78.2159739540039,80.7597672485453,82.9820033250208,84.976433915212,86.9040592962039,88.8838459407038,90.9287614297589,92.9978664449986,95.0952479911333,97.2174147963425,99.3614436131893,101.535688556387,103.746564145193,105.987101690219,108.246148517595,110.515170407315
Sierra Leone,SLE,"Population, total",SP.POP.TOTL,4754069,4965770,5201074,5433995,5645629,5829240,5989641,6133599,6272735,6415636,6563238,6712586,6863975,7017153,7171909,7328846,7488427,7650149,7813207,7976985
Sierra Leone,SLE,"School enrollment, primary (% gross)",SE.PRM.ENRR,72.8727493286133,..,..,..,..,..,..,..,..,..,113.781051635742,116.587577819824,118.206100463867,..,116.099128723145,118.246780395508,124.476287841797,112.754570007324,143.725173950195,141.325317382813
Somalia,SOM,GDP per capita (current US$),NY.GDP.PCAP.CD,..,..,..,..,..,..,..,..,..,..,..,..,297.955357765961,295.266609940492,293.455171889408,295.967392639046,309.054380310838,314.542677978565,320.03814830565,309.415454618032
Somalia,SOM,"Maternal mortality ratio (modeled estimate, per 100,000 live births)",SH.STA.MMRT,1170,1140,1100,1080,1040,1040,1030,1010,994,985,955,943,893,878,855,865,829,..,..,..
Somalia,SOM,Population density (people per sq. km of land area),EN.POP.DNST,14.6439235502279,15.1454315044473,15.6460802754487,16.1479436987917,16.6526221825485,17.1580068224567,17.6620684158511,18.1674817483342,18.6783737686103,19.1983390187139,19.7282255236395,20.268892466605,20.8239726464118,21.3976009819237,21.9931839194057,22.612355341601,23.2555950521248,23.9235900787452,24.616485478369,25.3342987853477
Somalia,SOM,"Population, total",SP.POP.TOTL,9186719,9501335,9815412,10130251,10446856,10763904,11080122,11397188,11717691,12043886,12376305,12715487,13063711,13423571,13797204,14185635,14589165,15008225,15442906,15893219
Somalia,SOM,"School enrollment, primary (% gross)",SE.PRM.ENRR,..,..,..,..,..,..,23.3635406494141,..,..,..,..,..,..,..,..,..,..,..,..,..
South Africa,ZAF,GDP per capita (current US$),NY.GDP.PCAP.CD,2666.47502701186,2502.27700465337,3751.28225102743,4833.62751660714,5383.65721714514,5602.01046615218,6095.62157019026,5760.80517151179,5862.79710791594,7328.61519967084,8007.47643908404,7501.66109639676,6832.72554600295,6433.40040236585,5734.63342207587,5272.5436481983,6131.47944960886,6372.60565499345,6001.4011214068,5090.71502455292
South Africa,ZAF,"Maternal mortality ratio (modeled estimate, per 100,000 live births)",SH.STA.MMRT,168,177,186,195,201,201,199,191,179,171,161,143,133,128,125,122,119,..,..,..
South Africa,ZAF,Population density (people per sq. km of land area),EN.POP.DNST,37.5662745550619,38.0440964808877,38.5125613103727,38.9844199523531,39.4699445218409,39.9718602906627,40.4914441632525,41.0352669628799,41.6102787097412,42.2202532375998,42.8688382560239,43.5521346313959,44.2565061124896,44.9630151101732,45.657262857661,46.3342777535055,46.9954834348647,47.640752128861,48.2719888878814,48.8905934431905
South Africa,ZAF,"Population, total",SP.POP.TOTL,45571272,46150913,46719203,47291610,47880595,48489464,49119766,49779472,50477013,51216967,52003759,52832659,53687125,54544184,55386369,56207649,57009751,57792520,58558267,59308690
South Africa,ZAF,"School enrollment, primary (% gross)",SE.PRM.ENRR,101.990463256836,103.968452453613,105.426368713379,106.446632385254,105.948272705078,106.250091552734,108.024749755859,107.526397705078,106.341697692871,104.729377746582,103.418388366699,103.229202270508,102.670402526855,102.704963684082,105.570388793945,103.184959411621,100.864730834961,98.5389022827148,98.3744735717773,..
South Sudan,SSD,GDP per capita (current US$),NY.GDP.PCAP.CD,..,..,..,..,..,..,..,1669.49375170405,1337.88223052413,1535.70689187913,1516.40437759013,1179.73971108066,1779.47036531513,1322.82036383331,1119.65143716565,..,..,..,..,..
South Sudan,SSD,"Maternal mortality ratio (modeled estimate, per 100,000 live births)",SH.STA.MMRT,1690,1660,1610,1550,1480,1410,1330,1250,1170,1100,1070,1050,1090,1140,1110,1130,1150,..,..,..
South Sudan,SSD,Population density (people per sq. km of land area),EN.POP.DNST,..,..,..,..,..,..,..,..,..,..,15.5554285469974,16.0032734526562,16.3852474937784,16.7018932865514,16.9563013045608,17.141552273634,17.2654105724038,17.3689437145053,17.505335808579,17.7136110778852
South Sudan,SSD,"Population, total",SP.POP.TOTL,6447791,6688225,6935665,7213354,7535931,7907407,8315144,8736932,9142258,9508372,9830695,10113648,10355030,10554882,10715657,10832520,10910774,10975924,11062114,11193729
South Sudan,SSD,"School enrollment, primary (% gross)",SE.PRM.ENRR,..,..,..,..,..,..,..,..,..,..,90.0506820678711,..,..,..,72.9899063110352,..,..,..,..,..
Sudan,SDN,GDP per capita (current US$),NY.GDP.PCAP.CD,383.016076633694,418.251758594498,484.844908325118,573.30694143572,689.20961069153,905.309699133622,1128.41026642965,1304.5330505517,1163.7972228,1489.87408744006,1437.77983086377,1332.91418693681,1381.4894621171,1625.46372819209,1656.90584135373,1325.15601870546,1103.00002634177,825.868941119235,753.282174142999,595.467833007679
Sudan,SDN,"Maternal mortality ratio (modeled estimate, per 100,000 live births)",SH.STA.MMRT,645,614,598,580,529,508,479,454,433,408,390,368,349,333,320,308,295,..,..,..
Sudan,SDN,Population density (people per sq. km of land area),EN.POP.DNST,11.2725089679502,11.5681980214094,11.8727620707257,12.1764963309007,12.472836641889,12.7599017721649,13.0415202777469,13.3237150817611,13.6150621496894,13.9218443434611,19.1143919739915,19.5707659609081,20.0459565599605,20.5356849665234,21.035997853617,21.5480027843068,22.0703754556916,22.6047857882582,23.1518799666704,23.712129323794
Sudan,SDN,"Population, total",SP.POP.TOTL,27971077,28704786,29460517,30214189,30949514,31661824,32360619,33060844,33783779,34545014,35349676,36193781,37072555,37977657,38902948,39847433,40813398,41801532,42813237,43849269
Sudan,SDN,"School enrollment, primary (% gross)",SE.PRM.ENRR,59.7364616394043,59.8157691955566,61.095401763916,62.2217216491699,63.3387184143066,67.7927474975586,67.2932510375977,72.8198013305664,72.3495178222656,71.7259826660156,69.47705078125,70.8831634521484,72.0149383544922,72.2675628662109,73.1459732055664,75.9073715209961,76.8160629272461,78.9529037475586,..,..
Tanzania,TZA,GDP per capita (current US$),NY.GDP.PCAP.CD,406.538753740653,411.972321782646,431.27972978737,459.259295161963,492.631339721454,485.49744948822,552.839501616627,687.390445540348,695.216843291099,743.403663887825,781.433895673281,867.857498923481,970.399601430411,1030.0776484553,947.933351658407,966.503016569611,1004.90658838695,1042.83875856619,1085.88486100047,1076.47038455352
Tanzania,TZA,"Maternal mortality ratio (modeled estimate, per 100,000 live births)",SH.STA.MMRT,819,788,763,741,721,703,685,666,656,644,628,615,593,574,556,539,524,..,..,..
Tanzania,TZA,Population density (people per sq. km of land area),EN.POP.DNST,38.8189760668322,39.8902573944457,41.0225536238429,42.1988778505306,43.4074542786182,44.6473989613908,45.9261864980808,47.2498803341612,48.6270377060284,50.0638202754572,51.5618875592685,53.1192515240461,54.7337231880786,56.4016290358998,58.1199345224656,59.8884974034771,61.7073210657033,63.5735425603974,65.4836994806954,67.4353273876722
Tanzania,TZA,"Population, total",SP.POP.TOTL,34385849,35334790,36337778,37379766,38450323,39548666,40681416,41853944,43073830,44346532,45673520,47053033,48483132,49960563,51482638,53049231,54660345,56313444,58005461,59734213
Tanzania,TZA,"School enrollment, primary (% gross)",SE.PRM.ENRR,74.7526779174805,89.3642730712891,95.7885665893555,101.115371704102,105.410537719727,109.037590026855,111.335220336914,112.415512084961,106.662780761719,102.841667175293,97.2078704833984,94.175537109375,90.0418395996094,86.7884979248047,84.6794662475586,85.2978591918945,89.2176818847656,94.1686935424805,96.2744674682617,96.9129409790039
Togo,TGO,GDP per capita (current US$),NY.GDP.PCAP.CD,292.823103529291,328.398107277437,396.920579751545,413.329866159356,406.562366042383,408.057117336142,449.738250451153,546.35037020228,540.608712584616,534.04478262418,587.097492827983,571.806723944167,621.398853574683,640.934219628827,570.909967175308,803.1518934041,830.745276651438,901.523016898937,893.352454121675,914.950582595136
Togo,TGO,"Maternal mortality ratio (modeled estimate, per 100,000 live births)",SH.STA.MMRT,489,489,489,488,492,482,480,473,458,440,422,410,404,401,398,395,396,..,..,..
Togo,TGO,Population density (people per sq. km of land area),EN.POP.DNST,93.0790770362199,95.5513881228167,98.0075197646626,100.528957528958,103.174168045597,105.954789483361,108.850156278728,111.848078690936,114.926273211987,118.067181467181,121.271171171171,124.541404669976,127.867641110498,131.23730465159,134.641698841699,138.075969847398,141.54212171355,145.046791689649,148.600091928663,152.210645339217
Togo,TGO,"Population, total",SP.POP.TOTL,5062571,5197040,5330629,5467770,5611643,5762881,5920360,6083417,6250840,6421674,6595939,6773807,6954721,7137997,7323162,7509952,7698476,7889095,8082359,8278737
Togo,TGO,"School enrollment, primary (% gross)",SE.PRM.ENRR,118.409027099609,120.336311340332,117.649269104004,116.168731689453,114.629112243652,117.746383666992,111.086860656738,111.29328918457,125.150680541992,127.337432861328,124.709121704102,127.214179992676,127.433181762695,123.945831298828,128.044006347656,125.107147216797,124.350967407227,123.764633178711,124.31861114502,126.272987365723
Uganda,UGA,GDP per capita (current US$),NY.GDP.PCAP.CD,239.473127019302,245.500040345771,254.301204311833,296.014267535995,333.731576250845,349.217100086696,403.66374462353,474.517949634028,796.530924443729,819.007465178737,828.994112767086,786.73871102727,806.611936278349,879.734948641603,843.62954532648,733.397131674337,746.830751184521,770.257060149182,794.451445432797,817.035756926923
Uganda,UGA,"Maternal mortality ratio (modeled estimate, per 100,000 live births)",SH.STA.MMRT,550,537,520,512,491,473,465,455,442,430,419,412,401,394,387,381,375,..,..,..
Uganda,UGA,Population density (people per sq. km of land area),EN.POP.DNST,122.060827786397,125.955963165007,130.02625994695,134.234022321205,138.554576848006,142.99321855763,147.571868274861,152.303358190281,157.204824583354,161.720347097546,166.949790544584,172.345401954917,178.009769599042,184.079044484341,190.631592858568,197.731762417714,205.299162178336,213.091123079992,220.773922800718,228.111909036505
Uganda,UGA,"Population, total",SP.POP.TOTL,24388974,25167261,25980547,26821300,27684590,28571475,29486335,30431734,31411096,32428164,33476772,34558700,35694519,36911530,38225447,39649173,41166588,42729032,44269587,45741000
Uganda,UGA,"School enrollment, primary (% gross)",SE.PRM.ENRR,133.726943969727,137.744995117188,138.27522277832,129.40983581543,122.931190490723,121.587181091309,120.661376953125,123.514747619629,124.684700012207,121.982307434082,114.31664276123,113.900398254395,112.048927307129,..,102.648399353027,104.000663757324,102.704711914063,..,..,..
Zambia,ZMB,GDP per capita (current US$),NY.GDP.PCAP.CD,382.941035235257,382.241963342278,435.458199377947,538.591553038374,702.741118447779,1047.9188431217,1124.29058597692,1394.00049997193,1159.9074988341,1489.45908689417,1672.90753526193,1763.06944249903,1878.34681050661,1762.42781692474,1338.29092708188,1280.80654257604,1535.19657398198,1516.37110009154,1305.00221354087,1050.91928305741
Zambia,ZMB,"Maternal mortality ratio (modeled estimate, per 100,000 live births)",SH.STA.MMRT,491,465,453,437,421,406,387,356,329,305,283,267,254,242,232,222,213,..,..,..
Zambia,ZMB,Population density (people per sq. km of land area),EN.POP.DNST,14.3830250608698,14.7590147836264,15.1424420559868,15.5377944282274,15.9488882013479,16.3756816744912,16.8188407161786,17.2837016909025,17.7768627503733,18.3026217732281,18.8638520830251,19.4583569862387,20.0790311949313,20.7156310953873,21.3607527677262,22.011930480636,22.671286942251,23.341333620307,24.0264652470439,24.7298941336311
Zambia,ZMB,"Population, total",SP.POP.TOTL,10692197,10971704,11256740,11550641,11856244,12173518,12502958,12848531,13215142,13605986,14023199,14465148,14926551,15399793,15879370,16363449,16853608,17351714,17861034,18383956
Zambia,ZMB,"School enrollment, primary (% gross)",SE.PRM.ENRR,78.9677963256836,82.0374374389648,..,100.971160888672,112.094612121582,113.396728515625,114.417541503906,115.290069580078,108.636238098145,106.97876739502,108.068511962891,108.12964630127,102.713668823242,104.331993103027,101.460479736328,98.6069793701172,98.7155227661133,..,..,..
Zimbabwe,ZWE,GDP per capita (current US$),NY.GDP.PCAP.CD,568.386290532649,530.53044625893,478.007604434538,482.998451486038,476.555402524382,447.854739946441,431.787258728843,356.693234400305,771.599032295455,948.331481033457,1093.65340855817,1304.96801065699,1429.99846146678,1434.89627731806,1445.06970213198,1464.58895715841,1335.66506432532,1352.16265310562,1156.15486360139,1128.21071129808
Zimbabwe,ZWE,"Maternal mortality ratio (modeled estimate, per 100,000 live births)",SH.STA.MMRT,629,666,680,686,685,680,671,657,632,598,557,528,509,494,480,468,458,..,..,..
Zimbabwe,ZWE,Population density (people per sq. km of land area),EN.POP.DNST,30.8230735427168,30.9016233682306,30.9738115548662,31.0712446684762,31.2180354142432,31.4217293524622,31.6813235104045,32.0009124983844,32.381967170738,32.8233889104304,33.3315833010211,33.9024143724958,34.5104769290423,35.1213907199173,35.7105906682177,36.2681607858343,36.8013416052734,37.3240584205764,37.8582732325191,38.4203877471888
Zimbabwe,ZWE,"Population, total",SP.POP.TOTL,11923906,11954293,11982219,12019911,12076697,12155496,12255920,12379553,12526964,12697728,12894323,13115149,13350378,13586710,13814642,14030338,14236599,14438812,14645473,14862927
Zimbabwe,ZWE,"School enrollment, primary (% gross)",SE.PRM.ENRR,110.254539489746,105.328201293945,104.33065032959,..,..,..,..,..,..,..,..,112.516792297363,109.892791748047,..,103.833992004395,101.309677124023,98.9331893920898,97.7508087158203,97.1402130126953,97.3049087524414
,,,,,,,,,,,,,,,,,,,,,,,
,,,,,,,,,,,,,,,,,,,,,,,
,,,,,,,,,,,,,,,,,,,,,,,
Data from database: World Development Indicators,,,,,,,,,,,,,,,,,,,,,,,
Last Updated: 10/28/2021,,,,,,,,,,,,,,,,,,,,,,,
